fold,domain,user_id,base_srocc,base_plcc,top1_srocc,top1_plcc,bottom1_srocc,bottom1_plcc,avg1_srocc,avg1_plcc
0,art,3,0.09357051565995896,0.06739468063433149,-0.09974323030558974,-0.07341595141681678,0.09616697499502588,0.06662915749344561,0.07810373633247135,0.05644803516931114
0,art,14,0.5825410857738136,0.563647466368723,0.49502084420377096,0.47061348287510646,0.5825410857738136,0.5635188558863435,0.5550446583306552,0.5416961601019391
0,art,15,0.25442034961037674,0.19147751740408325,0.23280709928864365,0.1743836658599124,0.25468586865609827,0.2017985305238494,0.2477368559166432,0.19016412391754098
0,art,19,0.6650210570242714,0.6533874530396916,0.644020917134741,0.6541663109755347,0.6629759127594952,0.6530697450150597,0.649301237344494,0.6463616749093832
0,art,21,0.532775252249017,0.5109827258228482,0.42157294103193244,0.42263409374985644,0.5159264172161253,0.4999397515191977,0.49542760000979713,0.48687165869678584
0,art,22,0.341252617247,0.327116216141199,0.33093080887827925,0.2988734401579122,0.3452450148235807,0.32342516737317767,0.3393190170269836,0.3187323573599653
0,art,30,0.3503740205625294,0.31806008554878973,0.2178896167393796,0.20875302364255058,0.33776352299817586,0.3062206171044821,0.2999037714870437,0.2837358287428019
0,art,50,0.4811287990058793,0.5087060828788736,0.45367179309344147,0.48555488233055755,0.4788144153657504,0.5060922051058795,0.47416310538769924,0.5043517814412338
0,art,57,0.5269423886142455,0.48368714663062146,-0.05792377184808671,-0.09783166074126,0.5037182348072294,0.4602767698163977,0.3729916197980569,0.3443135375222644
0,art,62,0.445486440082162,0.4324599339266657,0.42919655810390356,0.41065403081033774,0.44839007463417785,0.41764295910551025,0.441268084800783,0.42804607689756574
0,art,63,0.07753215249646292,0.1209769497883496,0.053056217976921054,0.10435121154246448,0.07693151606653553,0.11682103799313018,0.07695296736760437,0.11929566726591345
0,art,79,0.4431929975368382,0.4638046887110784,0.3847376761505137,0.39676284436527814,0.4433454896795852,0.46236751863428105,0.42314391153091996,0.44622983296257995
0,art,80,0.6400329882200018,0.6264199316252874,0.6666600898177328,0.6485846288087638,0.649661976989661,0.6307608156387209,0.6287898103708808,0.6151131616676956
0,art,85,0.17283341594119425,0.20134019457620456,0.11789871360881231,0.1621462199993682,0.17141050043212236,0.20085490610882403,0.1679911473465466,0.19623665313051128
0,art,86,0.6698274262052487,0.6571384837796403,0.6790558744996847,0.6543314998983191,0.670913126004594,0.6556128743830902,0.6666337767954857,0.6552052414864341
0,art,98,0.2919448497982889,0.3208537383278216,0.19809663200056107,0.20459466799941536,0.2765663603272327,0.3117566558760948,0.27310901676940824,0.3006217566752428
0,art,99,0.7294410813655006,0.7329251389184483,0.7201141842143167,0.7222556357513071,0.7213286239475439,0.7306775675119633,0.7227859516274163,0.7274157960842237
0,art,105,0.25147521846566623,0.25911202933859534,0.2290158628548223,0.24656279542022408,0.2517733515047483,0.2586259114721705,0.24784083475114285,0.2575771446546356
0,art,109,0.5084550693985677,0.5119414761003229,0.2692118736620453,0.24605581652667122,0.5102268662353806,0.51358721376662,0.4462686163383428,0.4426850024300202
0,art,110,0.4100772485883452,0.4441851196635183,0.35529750585712017,0.4041150335237822,0.4087411573022178,0.44544007891556964,0.40273608767555713,0.42810771724434415
0,art,116,0.5943290275302487,0.6163196131655101,0.6125033059527821,0.6358604544671117,0.5902624072202345,0.6136833277366041,0.5894878128754698,0.6136198956176029
0,art,117,0.667287983033428,0.7173540004865467,0.638486299555218,0.6840922483239826,0.6673859479432178,0.7141290675522665,0.6632644242384885,0.707424957668959
0,art,126,0.40034198884110783,0.4103613881118948,0.417525527656204,0.41234252408096483,0.39950496832575927,0.4127717712370231,0.40544851736331816,0.40720430325970663
0,art,127,0.6571561546141225,0.6684697737100713,0.552488138052599,0.5736151583155447,0.6514148710052625,0.6660097997803217,0.6396518992156813,0.6565946139172457
0,art,136,0.40284673322167247,0.41364365721326324,0.26186632460411174,0.29566691105466225,0.41401034023890015,0.4149807019850683,0.3897845535824673,0.400184443225754
0,art,144,0.6765961885119439,0.6964927610804736,0.6813287984546295,0.7080133066608074,0.6795471100056184,0.696716253295816,0.6716647294120026,0.6934378787406634
0,fashion,3,0.4057952615520385,0.427078888923836,-0.301992932742329,-0.3053404127080506,0.3928137769944519,0.42215845242779815,0.29268505259335065,0.3157313077653395
0,fashion,14,0.6582403066303211,0.678099014367973,-0.026518186032555457,-0.04520598547195633,0.6718922616618959,0.6839101107217359,0.5012779007328618,0.5215203746161668
0,fashion,15,-0.06929464325124422,-0.039398147181544274,-0.008451887683498123,0.005611914890221976,-0.08617339824863153,-0.04407809420886332,-0.06942264591879045,-0.038716500730384566
0,fashion,19,0.5185393570325718,0.5662454967466598,0.43777433311210245,0.5355430184746727,0.5278405114188063,0.5747078826921801,0.48467134407698154,0.5370984178026992
0,fashion,21,0.2767076768297568,0.23952633386059777,0.30318107881237366,0.2646326402650406,0.26059123554644614,0.23446845301703628,0.26220793185072805,0.23909162248162583
0,fashion,22,0.3849840491274067,0.38536204193510704,0.3973148459914697,0.39156309329966354,0.39161246167093466,0.3859028447523474,0.38740007764904977,0.3815933015806454
0,fashion,30,0.5622315024015462,0.5327545425084667,0.5449114570014103,0.5398089132750475,0.5577153874118259,0.5408072567985386,0.5444080909664493,0.5252185079749221
0,fashion,50,0.04568732884240096,0.1498250424877114,0.04818710120048343,0.19358038704496863,0.04223019685781881,0.14153727715960088,0.04646993234660307,0.1512434930604922
0,fashion,57,0.26309987143908914,0.2184997225482775,0.24167816324854133,0.2153190720748892,0.2611383656288703,0.21979560286919952,0.24801249968078937,0.21510721226217447
0,fashion,62,0.2775724034170021,0.2462435679736358,0.44701578179101087,0.451409684068171,0.2775724034170021,0.2462507588849265,0.2516695104612958,0.21907271266940936
0,fashion,63,0.11626896966936952,0.1795469665517841,-0.12645748763008746,-0.11139991379856778,0.08250701799561788,0.16754414131900663,0.07438046200314045,0.12009910477004408
0,fashion,79,0.48503803988588945,0.5574724409863367,-0.172693624044712,-0.20112858571122572,0.5008678618466774,0.529585369787034,0.36099019789081094,0.4017807728257922
0,fashion,80,0.33698582537154764,0.3578147237631479,0.3334149202689024,0.37529038534818054,0.3363499107642272,0.35364234073337725,0.3216819463602109,0.3536442015661745
0,fashion,85,0.4449617923376111,0.43590561342532363,0.16765963667085676,0.19979532381481138,0.44899349034553193,0.43420960592414926,0.39991072783795134,0.3960754670707588
0,fashion,86,0.1400936927196349,0.14791699122116725,0.14554734004336353,0.1602999680150446,0.13013703384420372,0.14622808007961027,0.13386810055847156,0.1454157637861708
0,fashion,98,0.41766912192019684,0.38928725832429123,0.30364334095643875,0.368264757757154,0.41923986018573284,0.39246793380869927,0.4016181402692502,0.38342450979259884
0,fashion,99,0.4032451109386219,0.4454108581316978,0.38585329774663907,0.4412927199825706,0.40397997628476207,0.4496726686414063,0.399122866282655,0.4423469536280799
0,fashion,105,0.06821236391738103,0.09089480308835772,0.007000188581027529,0.053073774153412384,0.08521282189987647,0.0946513497301383,0.07226510467481803,0.08816983237918474
0,fashion,109,0.3452938322609885,0.3633800444635938,-0.11285138897053439,-0.20537613082065911,0.40584947205433763,0.4157600832900678,0.2384437135102612,0.2467803337041219
0,fashion,110,0.35411670287639013,0.3743020628120231,0.3836472477331626,0.38956418025831097,0.3622113699944902,0.3755470796415435,0.3545664066051735,0.37188302201952844
0,fashion,116,0.2633223254397386,0.4010586488272398,0.27342497621534223,0.3972970773020537,0.2794564095142101,0.42193601552033755,0.26625905903406827,0.39717908569814586
0,fashion,117,0.46290032938756726,0.5291272351105621,0.4819491051571534,0.5198528159402787,0.4662175304450678,0.527097331276803,0.46942703016953263,0.5220302991065109
0,fashion,126,0.2714474684882662,0.445997871470436,0.11239156339748256,0.1668035866780821,0.27874497724243136,0.4350367829778305,0.2343074749551632,0.3615620562579713
0,fashion,127,0.3262310915128185,0.3048652211969594,0.3136554011909871,0.31675593558500353,0.39136923747667884,0.36549553766854176,0.30366923638743476,0.29196764107926904
0,fashion,136,0.5203504836186931,0.4801182751318565,-0.016090785200992868,-0.0008036963294626205,0.532663858879209,0.48510510089465153,0.4107705544363219,0.39591315791213527
0,fashion,144,0.5491068016293195,0.5078276937849847,0.498524506260475,0.4529869375034809,0.5491068016293195,0.5078253379747067,0.5409105293193378,0.49575795153708596
0,landscape,3,0.3435085158657108,0.35950751720200164,-0.3300163522551596,-0.4143180903728173,0.32341799486897765,0.3324533555089957,0.26721237065192677,0.26047710943617963
0,landscape,14,0.34202745565554116,0.40481487660828525,0.31357473688071785,0.3245559493821082,0.3380619199377958,0.3999926114246475,0.3266326794941509,0.37900785007195786
0,landscape,15,0.07521504451350453,0.11211350727971921,0.05041008302500835,0.1080763451515481,0.07681536460953654,0.11202466278324132,0.06424142099785644,0.1104391414640322
0,landscape,19,0.5304446899049102,0.5702751370460521,0.5132919924556487,0.5536255723626421,0.5266770453784829,0.568124393086031,0.5230935338552267,0.5647360157772987
0,landscape,21,0.5056122163971013,0.4470480002344857,0.06872253696365696,0.09341323138478878,0.5061611981738626,0.44492367217890605,0.4061538295682795,0.37230014200610695
0,landscape,22,0.4202146982014358,0.41115969088283355,0.4283548042911748,0.42005374744250945,0.39345470872079685,0.4080737967063165,0.4091500030974194,0.4101874520423639
0,landscape,30,0.5190619126444319,0.5352720135223616,0.4500080055225313,0.4594024078107123,0.5288764256828944,0.5374862692138156,0.5105919519416415,0.5264860460525627
0,landscape,50,0.3799639468541054,0.3836465685738281,0.3610353399778568,0.35884119580819346,0.3799639468541054,0.3840025088357787,0.378468745974805,0.3765541025162359
0,landscape,57,0.3598440396572467,0.42435931665620175,0.4238881923333231,0.42028318878324106,0.3671217842795282,0.42517774755980936,0.3033933856029371,0.3053210873509358
0,landscape,62,0.31699981759546336,0.33733803278354574,-0.2923702602716909,-0.3789238941119341,0.31510906369990105,0.3339326747139952,0.22362074268568016,0.24428843107150036
0,landscape,63,0.03984216010523907,0.041880602575889866,0.17626667719710823,0.2245904133672117,0.02868015416135886,0.0302775503836822,0.02559436151285229,0.03143671060459038
0,landscape,79,0.3910852822594496,0.3424185383706044,0.33328763060356886,0.31023589288353887,0.39598427166941613,0.3438210805448566,0.3735888915095695,0.3385562005011626
0,landscape,80,0.7500969138725492,0.7318533542018855,0.672079804502051,0.6882628541566093,0.749803983549506,0.7302893952153426,0.7227079286680125,0.7083606750209032
0,landscape,85,0.4814602357256816,0.5561455868333044,0.16622984316691072,0.343792512084643,0.4763066053296254,0.555998012930758,0.3955952676703811,0.4721424146940424
0,landscape,86,0.5874017716724966,0.5813878834554305,0.4375994320692502,0.4214443625849697,0.585912988996522,0.580914415749802,0.5566507088135711,0.5484051022851911
0,landscape,98,0.4975424578702002,0.4989179954358332,0.4220006504685427,0.4177751213722761,0.4826309480052476,0.48785337225432973,0.48463461623321147,0.48467318721822134
0,landscape,99,0.6169393434335533,0.5835511338827146,0.5909789035125439,0.557638661349186,0.619579388171283,0.582611113937254,0.6103462158345667,0.5782632348915859
0,landscape,105,0.2676463745320471,0.30904717730079023,0.3053952272064136,0.35719737755645875,0.275606676355952,0.31595616947844624,0.21615116057686726,0.25348493209147455
0,landscape,109,0.4052511515896262,0.4357411081172509,-0.2067954428506029,-0.20155809578336759,0.4085970329397809,0.4429372777538044,0.32329489369927106,0.33938039857427676
0,landscape,110,0.7517480900198001,0.6984549633000051,0.7276103145056907,0.7134001859365493,0.7535118105688479,0.6986631001629091,0.7357738210469972,0.6918892558384091
0,landscape,116,0.3023156433976638,0.4398689572288172,0.16426340509951887,0.1410675068073445,0.3004904944521136,0.43968046784788395,0.2991071474338593,0.40258619928337236
0,landscape,117,0.5709561075581343,0.5473871366761967,0.5700478256371404,0.52543083218365,0.5709561075581343,0.5473921857598717,0.5759300323635772,0.5450133174942616
0,landscape,126,0.17756595979130446,0.1987706162164437,0.15554916299760924,0.18781511570416476,0.18003421055292945,0.21480166083257568,0.168701413484554,0.19356143846632076
0,landscape,127,0.2378188826371365,0.30421049184824545,0.2346903300186829,0.2791813007191163,0.2466179368765372,0.3018821970083452,0.2502143757124828,0.29695520571356954
0,landscape,136,0.5161659578801714,0.5797702020964106,0.4545677555895935,0.5330898059301319,0.513967806298026,0.5820502938936389,0.49621844595777936,0.5623488190822246
0,landscape,144,0.4337947077899962,0.43551496551265473,-0.08771470814943419,-0.10020197585307039,0.42629245390023796,0.43393830708990233,0.3596163559739419,0.3670169352231187
1,art,5,0.3185063769482629,0.3596345177896873,0.10236241921536615,0.09428549537982925,0.32454878088393724,0.35049793207178886,0.2610962243003536,0.2706303488421555
1,art,6,0.7516227077312929,0.7243268814634887,0.7614954220825464,0.7257634376165008,0.7481822163664621,0.7267258391586969,0.749165213899271,0.7180948040592608
1,art,16,0.44965820265542616,0.47189584675455465,0.4625780143982092,0.48086054712139664,0.4426376257084045,0.4682482283869784,0.44715781860385795,0.4684693496081258
1,art,17,0.16551314144413626,0.17029419921443845,0.13217483736802577,0.14875632708484204,0.15854106607033996,0.1650179204652394,0.1634930632674227,0.16854309048419294
1,art,23,0.12087603699394132,0.13719532137453452,0.14666554977277896,0.1491613317777708,0.1105897618588706,0.14001156554926658,0.12124164622635669,0.13653242394273504
1,art,35,0.23647447925992882,0.180219941402866,0.12785362522032298,0.119042135989328,0.22975082754634477,0.18015682591164012,0.21733105893254834,0.1714380748110424
1,art,39,0.7036214532422467,0.7147028448114691,0.6396919086104323,0.6551315794863587,0.7026302975115207,0.7184008737755672,0.6616672470973816,0.6866117401302931
1,art,44,0.7554052045289456,0.7099696521631814,0.6852082577840715,0.6584442920980127,0.7531036652914087,0.7061021956073603,0.7373002390361478,0.6977250952568764
1,art,51,0.5692777462545775,0.5660790479774532,0.5620642953602557,0.5642174475747115,0.5694239648537867,0.5659400936825497,0.5527689701248123,0.5609969313138082
1,art,64,0.3268437755418253,0.27438567101954897,0.35545252227842017,0.31547811438025664,0.3363634971595484,0.28234009783779596,0.3354072751220539,0.2749363144453968
1,art,69,0.28521567878014387,0.24063564621348232,0.30384180390378995,0.2517617707417603,0.28581814104829417,0.2438549346575902,0.2690352635783936,0.2396768205591397
1,art,81,0.3851868416356966,0.428815003464244,0.422339980474404,0.41045362758738896,0.38400165135374065,0.42953233553049286,0.3766475824613554,0.424590804204048
1,art,92,0.5014505889452976,0.4966102062816648,-0.1064575868422841,-0.07871854920116425,0.49722764038974576,0.49012966631476623,0.3736257241956863,0.3814501543190822
1,art,100,0.6684351409725311,0.7133396749795402,0.6453444690389951,0.7007754581915028,0.6695299573142074,0.7140870582202771,0.6642620423195182,0.7039436499195455
1,art,101,0.6260618017086993,0.5963082462929804,0.5860785410183883,0.5757053612262886,0.6187126933813027,0.5952912783297806,0.6172737071353789,0.5927691568195964
1,art,106,0.40361827189198385,0.40680025019659716,0.17434816517938123,0.17344716291179474,0.4005922696036521,0.3868975690835818,0.3832215755151571,0.3736709880562395
1,art,111,0.6673257048150506,0.6685558182469368,0.6432132060790153,0.6581715639036928,0.6680638425314598,0.6658443447017951,0.6527105780301475,0.662161545948833
1,art,118,0.6141021597171807,0.5570308975193283,0.5244012843223154,0.527205547527603,0.6141021597171807,0.5570098154961097,0.5870993485764883,0.5462466092809939
1,art,119,0.522314707655856,0.5221884658847228,-0.43563101852874736,-0.422757373562431,0.5154803158301792,0.516411830646081,0.37296954938500415,0.37654747283710993
1,art,128,0.6922389500114816,0.6278883065471741,0.6540848368110227,0.552898831843849,0.6870748584744943,0.6338892483269939,0.6822330750084704,0.6171789650711489
1,art,129,0.29756062021417473,0.33772352306075437,0.29013414942299465,0.3221313969538401,0.29756062021417473,0.3377718638233814,0.29865738665341274,0.3352081335400811
1,art,137,0.5528204642326413,0.5730858512245137,0.533601962117628,0.5324482223068054,0.5538742202232817,0.5760205660267149,0.5560892583260565,0.5621843774809713
1,fashion,5,0.20406003582348214,0.20031642074129863,0.2122245717756246,0.2186495510236687,0.20192551662030764,0.2008799534964416,0.18953005867615857,0.19865284574263073
1,fashion,6,0.43142602290200954,0.4661570710819364,0.23030144814673678,0.19057795684782688,0.42866401251211184,0.46563368163976343,0.38166679156608757,0.40978782308641354
1,fashion,16,0.29559350964172915,0.2831534046192076,0.2603468516794949,0.25590675891448106,0.27875127003373634,0.2804038697269801,0.2824474965315567,0.27913565254259315
1,fashion,17,0.17468217620754745,0.24976542662250192,0.16453115386134615,0.12442273274019405,0.17362477804648482,0.24878558257386926,0.11665367569723152,0.1940593402534033
1,fashion,23,0.45604816299880685,0.47584117063619386,0.49016549584152846,0.4995634510817734,0.46043608586441703,0.4760523610687656,0.45823155960930306,0.46819356226125963
1,fashion,35,0.2965509507335944,0.2891194471020891,0.2521536874759737,0.23785906942875676,0.2963957155473789,0.29345651078079243,0.2883382701676242,0.28445924945412776
1,fashion,39,0.30759005041216503,0.35100125018393646,0.29257100498188354,0.3277183592759444,0.29667621073282713,0.346889863590773,0.2973055802556199,0.34668364650967176
1,fashion,44,0.33263059917496773,0.3039543155737202,0.41882842111170676,0.3412864892868713,0.3492876767987833,0.30609142337945355,0.3454701257044558,0.3034562856327934
1,fashion,51,0.4812792710434892,0.47641784961695766,0.5107011688234939,0.5189507434478954,0.4759164167658629,0.4736522696275039,0.48035851886738296,0.47369825923463404
1,fashion,64,0.07443300015418788,0.03677868613946873,0.04012866652874984,0.0025399715535457234,0.02482745296920193,0.027779286274031333,0.05944909286661217,0.035395981580978904
1,fashion,69,0.2990453340937945,0.3171232891629952,0.28962043326304815,0.31120332698717307,0.2975352671098628,0.3083121767637942,0.30062978861388057,0.3135723304877375
1,fashion,81,0.3903425171304219,0.40089209331704617,0.34597673124659234,0.35501038488545306,0.39214334238769916,0.40240186459972516,0.3889470724505405,0.3949332507994511
1,fashion,92,0.04964874211135862,0.10062291983731822,0.014754615334611998,0.07197312207489298,0.06429565952382017,0.10941543243381482,0.04731015865894879,0.09793686378447998
1,fashion,100,0.6205425640790889,0.6558114922653426,0.5850309573306157,0.6346468118450703,0.6237295031462595,0.6562832930550448,0.618909348139904,0.6517410638692164
1,fashion,101,0.3467733820903887,0.2864601073707756,0.31792119996265583,0.2577874056334124,0.3494098745951642,0.28823946545231405,0.34519575045680323,0.283515835033111
1,fashion,106,0.1230026485679619,0.17831463596452718,0.11810431300552093,0.18205532337148653,0.1262682056095892,0.17855945020824515,0.11676133500138851,0.17709671999488688
1,fashion,111,0.372019246542512,0.3631536695660854,0.32973428663847204,0.3282541451294926,0.34643218021265737,0.34921201480355485,0.3631020101001634,0.35894971403158615
1,fashion,118,0.41761663009859806,0.37966427706900535,0.3343014680767914,0.35241482090641685,0.4285700214173484,0.39422099302834934,0.33090995260059136,0.2941481546736534
1,fashion,119,0.5213735812317294,0.5228491134787903,0.32767578187636814,0.33193030513426763,0.523233706674111,0.5266722783777578,0.4405140681104599,0.47348364547655786
1,fashion,128,0.5101669232718998,0.5485279694614426,-0.00019779661656369095,0.05228010712392871,0.5062604400947669,0.5480227409211323,0.44430064995619073,0.47519301519788393
1,fashion,129,-0.026965224481740897,0.036013739829199906,0.21201970566533931,0.3110272277461896,0.009455338454636418,0.0647760283033834,-0.029995506798268363,0.022874048451660717
1,fashion,137,0.2968915267491605,0.29435732160871264,0.184963421164727,0.2378108476236442,0.29520914143091526,0.2939164781098429,0.2661491160388724,0.2770304388072378
1,landscape,5,0.6102896033142737,0.6246923770643282,0.466398931691102,0.49070174824984936,0.5995530269596708,0.6208098784998035,0.5387589063024384,0.5602019093881666
1,landscape,6,0.5558848112571982,0.5669858620069711,0.5752395846431417,0.5884752536021792,0.5528391362573797,0.5628087111194688,0.5258491223188958,0.5322898739477508
1,landscape,16,0.5026772693394005,0.47236129757290823,0.37822208906087423,0.3500810734746207,0.4867831115111615,0.45864245193766895,0.48513623007834134,0.4564392819940601
1,landscape,17,0.06634290327124874,0.1720395890871547,0.09104844670452274,0.23637565923662865,0.0621898162285863,0.17223998639928031,0.07064811804441162,0.16087788775103376
1,landscape,23,0.6385813191958715,0.6412684691646178,0.6359487982983544,0.6402917356877832,0.6349737905585331,0.6384215314606164,0.6393822184107246,0.6390464525309761
1,landscape,35,0.410629492817891,0.39812149725682255,0.45063799359250556,0.46730786272707436,0.40901502620403524,0.3978427591326182,0.40709063965984094,0.39271861284711346
1,landscape,39,0.7527343636423314,0.7480518293189385,0.7285723976186875,0.7190656893667556,0.7500607034675839,0.7455700972140811,0.7393094773680703,0.7282750992256768
1,landscape,44,0.5027255066612333,0.424764604825877,0.4060242427369322,0.3194438951835861,0.47750347642536967,0.39043015371622397,0.4787645779371628,0.4055616392861062
1,landscape,51,0.6875680402572277,0.6412992597693105,0.6638218828867022,0.6540243620479445,0.6698070823878797,0.6154987970016487,0.6686531414852136,0.6334605549022855
1,landscape,64,0.2663878020827117,0.3237429155353932,0.27715593500576585,0.33413792533760217,0.2686105818145348,0.3288951136169029,0.2673827606293373,0.3216322718522809
1,landscape,69,0.37228174687216353,0.32382447683292004,0.39799125304549937,0.4009606144841693,0.3589209011442881,0.3163875027023659,0.3591450278853942,0.32320582256957786
1,landscape,81,0.4453075731793593,0.40311369492815413,0.44832159194934024,0.37178821355981173,0.45429482914802966,0.40313551131179914,0.4265188847431148,0.3898710051870449
1,landscape,92,0.43644219402512546,0.39197217051176825,0.47245441900705676,0.39559668286734667,0.43644219402512546,0.3923263121289583,0.4365706307300342,0.3887285110168614
1,landscape,100,0.5209993084595401,0.4934961848003989,0.5425244907779893,0.4967054789141903,0.5279413046132858,0.48854779464098724,0.5233251982294487,0.4911687882322165
1,landscape,101,0.2878156212775924,0.3114616271763049,0.17168305998158348,0.18100845664669518,0.2824282902065303,0.3241365477090737,0.265068305582663,0.29742451578004114
1,landscape,106,0.5082123099115967,0.5136694474553359,0.5009358699040966,0.5819588766111125,0.5091528021574641,0.5148680366696554,0.4765537852142416,0.47512285105150937
1,landscape,111,0.4492532700109119,0.4547233552965501,0.22223986935801054,0.22476264021845377,0.3933980326944057,0.4159544685785711,0.38639591609689283,0.40659135169616434
1,landscape,118,0.593482243568777,0.5847720875823283,0.5509626264540342,0.5613998456179446,0.596519359076973,0.5855177718532593,0.5801104001134882,0.5787534699737346
1,landscape,119,0.6957916524428797,0.6837892629141644,0.6248108925030235,0.5999247763462823,0.6764696684254012,0.6633075504958946,0.6759190419378566,0.668637018963305
1,landscape,128,0.39688544072296317,0.37655648361865385,0.39925355240431126,0.37482398296624536,0.4113964229405858,0.38476858475584313,0.4001892804242969,0.3724121408086927
1,landscape,129,0.5795217600528298,0.6172786461139091,0.5601977274900507,0.6150016130753226,0.5764338991793961,0.6213062534809982,0.5707419897352785,0.6082854172554075
1,landscape,137,0.4306579180150943,0.4663972102016766,0.4276789607772679,0.48080026032264483,0.4224161363237748,0.46597278960563426,0.42301192777133995,0.46403600537502177
2,art,7,0.37486782707304267,0.43800365866195407,0.27222544585066194,0.35455148778245404,0.3947516893291657,0.4418905506834567,0.38919809189104654,0.4294814402068457
2,art,8,0.5210163833994875,0.5403789886158438,0.5229311026524868,0.5347011301743461,0.5354299644428991,0.5398174349624649,0.5207276558930828,0.5364446495383343
2,art,40,0.19568964644397982,0.20287943743167794,0.20466623573040094,0.21411162748996337,0.19688652501550263,0.19966721060964712,0.1912797188500952,0.1990821372940283
2,art,41,0.5791654989408054,0.6086050292247268,0.5706061633279427,0.599159684595677,0.591420911295586,0.6099289166737074,0.5791585514281327,0.6046486449156262
2,art,45,0.11357652071321554,0.08708934575002396,0.09923498965183356,0.047048854471276866,0.10538136010671156,0.07939288088639905,0.11386170029476055,0.08506498531173554
2,art,46,-0.11345828027655283,-0.14901284505425438,-0.08223309691043745,-0.1428458188917405,-0.126172117152007,-0.15129293467529886,-0.1077770114556356,-0.14757366079615228
2,art,52,0.6470270391563281,0.6453516213965818,0.6211064595640297,0.6333204466086723,0.6427810013564468,0.6453532324484635,0.6299653025484996,0.6356797261740587
2,art,58,0.6035870191260868,0.6474747689932135,0.6487627478598974,0.6724178567432683,0.6059440136687204,0.6456326524991006,0.6110999392307314,0.642685378972514
2,art,65,0.6136275210260685,0.6185132793475315,0.6569666845066092,0.6531099566425383,0.618000747272971,0.617295956122778,0.62310401449849,0.6132142182014105
2,art,66,0.6397958293964379,0.6195310200938297,0.45661310720251347,0.5072428859723918,0.6408707880222757,0.6189212287095269,0.5845611046804936,0.5912376909863941
2,art,74,0.4631497389336067,0.4774018981821719,0.2502958168203528,0.23875636751163276,0.4672988407502812,0.4800322173391074,0.44726032147732314,0.44928254441221277
2,art,83,0.6371244132421838,0.6225053797658914,0.6044487804933959,0.5938818475948797,0.6304682658303938,0.6203672352534033,0.6313038860682375,0.618492237974643
2,art,87,0.6199956232550664,0.6389304661122435,-0.21671892573676144,-0.2160676315951524,0.6201917933620921,0.6351694159988696,0.50099042904291,0.5097053544273452
2,art,93,0.6619185043990994,0.6483016563568689,0.6113307042634285,0.5971568107678187,0.6428927719865585,0.6397867331451753,0.6428225404161909,0.6326883009553443
2,art,94,0.6786117767219433,0.6938108346981682,0.6491534912288834,0.6608940246609594,0.6759337507680289,0.6858667580393273,0.6795230011374311,0.6886624741110694
2,art,102,0.27665997474124127,0.25555039381641115,0.3157289501802072,0.3325185929343053,0.28390784057871143,0.2564838325532269,0.1962880926120345,0.18543623665463033
2,art,112,0.6227785804681338,0.6073373996354345,0.1302526293212918,0.11754109256589135,0.6066215889937246,0.5954755945193063,0.5007393382785453,0.48977708940368686
2,art,113,0.4253372303705129,0.4211625360314623,0.38017042037522075,0.36772556728241135,0.43041603105775644,0.4369068709161603,0.4119534282820764,0.4158132997483029
2,art,120,0.7286466055975396,0.6644923441300827,0.6637684774648627,0.6538912497962438,0.7183397962932693,0.6592601991837768,0.7015885637801179,0.6552801449127771
2,art,121,0.361120481547124,0.37895831524508355,0.27897787750767855,0.30423022402296435,0.35921511186579663,0.3859379171745587,0.3497033854407578,0.37125479796062066
2,art,131,0.38825385787736344,0.4068996065818901,0.41132862974616324,0.42389622287416756,0.4048618147001302,0.40907131915127726,0.39191418717289955,0.4028278182428963
2,art,138,0.5064935064935064,0.517013405102077,0.5333842627960275,0.5276511075735411,0.5001273236567354,0.5105786725899513,0.49795190803594164,0.5071565135810931
2,art,139,0.36517384815454323,0.40735888942334514,0.06835203392492471,0.10157891460917615,0.3432017761583129,0.3873929482941346,0.34992690614552363,0.38681027481616187
2,fashion,7,0.40172785276517964,0.4604929086891999,0.36306098780769974,0.42352231201107543,0.4145505406302565,0.46227851571431683,0.4042412699879024,0.45512348293802984
2,fashion,8,0.40480579159610075,0.3745706588415833,0.3657533593898102,0.39216426179775576,0.3982067677428309,0.37357687204130785,0.38601475458961504,0.3714232417649644
2,fashion,40,0.0774199545099625,0.2724363608812308,0.06096883732497369,0.18267922866771233,0.07487750912682786,0.270357784824857,0.0852324547488944,0.2671680844310252
2,fashion,41,0.34102864343706507,0.395201939864322,0.2858149462358369,0.2929012488853944,0.3347421765889111,0.3896397363540363,0.3378958526489485,0.37686845813770137
2,fashion,45,0.3517701647087355,0.32591954817223234,0.3561809205074221,0.31624685856116264,0.38462781745625485,0.33861092456351083,0.3305518097670602,0.31972709404888333
2,fashion,46,0.0887526833500806,0.10027205209813266,0.07821583509847287,0.07744976281143015,0.057395428216690254,0.08292597125131917,0.10125071695621149,0.09484946724809971
2,fashion,52,0.49887745274619694,0.527121349710097,0.4503042792516288,0.4912632003942276,0.4957813570480061,0.5251719870259741,0.49850041064711986,0.5214229441164082
2,fashion,58,0.4050175782238132,0.4006734362365237,0.4372141864842208,0.400110611500346,0.40413143304233407,0.4089211529113315,0.38459404166019945,0.3829165508205642
2,fashion,65,0.004010080840420172,0.08084112011734296,-0.28763666275112587,-0.2491313660670678,0.0005940860504326181,0.10006057821541436,-0.026288307731643343,0.02948810342526944
2,fashion,66,0.2770806739766221,0.26427900718695624,0.2889221536689252,0.276763464181031,0.26414460372452625,0.25132036658979395,0.2729724055119455,0.2609194687580398
2,fashion,74,-0.012920038797927944,0.022544036253034416,-0.09139544955110118,-0.06794566067337024,-0.012769221224411278,0.022737600866492423,-0.013990125390974785,0.02044601811714613
2,fashion,83,0.44952995378962707,0.46160739409643525,0.4305689320269547,0.4347950341038962,0.4582930206042676,0.46426553524775566,0.4401299723443485,0.443269734028559
2,fashion,87,0.3041966069259216,0.2873686314051814,0.31422399146038277,0.30992444610258263,0.3023867863026286,0.28592823232159875,0.29670576635383633,0.2853183837956979
2,fashion,93,0.5746590643415228,0.5942618038814105,0.6129300608725815,0.6320127653612951,0.5766394522603356,0.5939116116075119,0.5746378458995355,0.5898663178830856
2,fashion,94,0.48547866291161035,0.5312794843913542,0.45330603011627774,0.532358505184936,0.4848910349153486,0.5325506691169714,0.47252986027969895,0.524838309865023
2,fashion,102,0.33152707895680655,0.3893070009015558,0.28666356604390536,0.344276197117877,0.331133107383477,0.38752789977524194,0.332694923263462,0.38265944400412216
2,fashion,112,0.3924554314175264,0.46173994413636243,0.43602721430385016,0.4721376419048471,0.4097810160918516,0.46935303697366865,0.39125472125514765,0.42664778774147105
2,fashion,113,0.41794405002781854,0.37809487669987346,0.11666989382401999,0.15600221144061732,0.4225714635381383,0.375361099761354,0.35235855094386365,0.3343838838454542
2,fashion,120,0.30701821452807165,0.34972931609982877,0.2802235271476559,0.33324011554688954,0.30630504794380203,0.3469271873208564,0.30615950374293066,0.3467746100182235
2,fashion,121,0.3877493755865884,0.444749994752449,0.38406972946975787,0.4365480829282888,0.3877493755865884,0.4449029484582002,0.3801462972747937,0.43849239339501256
2,fashion,131,0.2486833732245662,0.24928617233366732,0.14099590698429573,0.11855961563647725,0.2292780132040795,0.2577677739675022,0.23841572703651123,0.24699192707482917
2,fashion,138,0.6419095968835427,0.5802155678953768,0.039708897261413544,0.07223491696200326,0.6376841629441871,0.5766942656436088,0.5482809625715578,0.5055566252184915
2,fashion,139,0.30846515488349985,0.3396259321066366,0.26185721680053065,0.2651922050326312,0.3096903898488776,0.34736205371781276,0.3024440001965007,0.3257868390997916
2,landscape,7,0.23402237122592848,0.26689660983056956,0.01989088671304509,0.08471559781119739,0.23787876762947804,0.26786050176961124,0.20592576885721028,0.24998791752512078
2,landscape,8,0.4535623084038702,0.4522238171771479,0.4553903917819686,0.4234418512030272,0.4345403597398734,0.44074125694411564,0.4582207448113796,0.44796069431486885
2,landscape,40,0.36871547315159947,0.396191907276405,0.10245446303571971,0.13709257824827295,0.3653488968772526,0.39845308760029957,0.31544604344599614,0.3489316644475559
2,landscape,41,0.41496670069576014,0.45990909520962925,0.2635104463648685,0.352580448480028,0.42946783142956896,0.46602922204841213,0.3832302192918016,0.4377608358048714
2,landscape,45,0.42168310775137985,0.45553953602336944,0.46696853197825783,0.5038126769016394,0.4051250010957373,0.4526923766472471,0.4109246133236603,0.45223959172734796
2,landscape,46,0.2641619256433223,0.23575630601119532,0.15350087243179958,0.10095200066139741,0.2641619256433223,0.23585940383963724,0.25554889785641566,0.2227943369470349
2,landscape,52,0.4432571800931453,0.4761745952340991,0.4550196624138249,0.5157519169272068,0.4446320156890688,0.4796488773547702,0.4295597439707953,0.45857672314462194
2,landscape,58,0.49644928436611985,0.5493699142868897,0.5002768067720265,0.5660511248539737,0.488548885553928,0.5497517716046209,0.48699264018009786,0.5473842265013661
2,landscape,65,0.23120423075359214,0.17381818249785116,-0.04935653952771871,-0.06330723689531847,0.2371388848050212,0.17322365220882088,0.18997958028920064,0.1402105452342171
2,landscape,66,0.43575213738802127,0.45453222655664166,0.3970345052065513,0.4059233507364086,0.4326874171625751,0.4544833841273334,0.4211874193642342,0.44352082111989194
2,landscape,74,0.3072529544357866,0.2727826690466793,0.2769812253041135,0.2275597944613724,0.32901394490586144,0.2913621224981247,0.3019965358612152,0.26998920441106566
2,landscape,83,0.4978657608069308,0.5045768967974302,0.5131959381924814,0.4947993356651931,0.4941635751117809,0.4995000095914795,0.4923906974549484,0.49959186819988266
2,landscape,87,0.5397236164676678,0.5337347474831123,0.4836777064057412,0.530171152316811,0.5397236164676678,0.5338150663633215,0.529563372335415,0.525912593862919
2,landscape,93,0.6212507393812894,0.6508185973879116,0.1494015581660581,0.2388342373656149,0.6212507393812894,0.650209837144285,0.5478033528376192,0.5800135271418975
2,landscape,94,0.5020690954627393,0.5342092245913426,0.5347267741078119,0.5305838843798603,0.5020690954627393,0.5346431580284288,0.49446779934419777,0.5249364248598624
2,landscape,102,0.6437453998515626,0.6092159341374505,0.579878444465539,0.5607902127885127,0.6419220376993381,0.6091657122311936,0.6305313042541677,0.5981996819126527
2,landscape,112,0.5110139719696795,0.5768703144983162,0.49223367156301334,0.5613154832548504,0.5055197351485803,0.5779178043508497,0.5001111227974204,0.571504851819686
2,landscape,113,0.39081860550619396,0.3956978041361728,0.3186272603162152,0.3624508808043254,0.39081860550619396,0.39522529604372447,0.3810082814383954,0.39199180750820267
2,landscape,120,0.6558552480520567,0.6565912917054427,0.5714129457828114,0.5293858450968957,0.6531506903281308,0.6554865082146802,0.644886763949468,0.6418198701058959
2,landscape,121,0.7183262220602341,0.677206089561724,0.766079517119775,0.7136333345569975,0.7014692100361105,0.654551736442579,0.667663379889701,0.6278523784640327
2,landscape,131,0.1669197195619468,0.16073072698602142,0.2275292149312001,0.22895397280382057,0.07454383272906556,0.08280645369333405,0.13119992968654395,0.13017600671440466
2,landscape,138,0.7517213979250389,0.7851683302876632,0.6977882439357266,0.7384824104432077,0.7575088594077033,0.7877543505072324,0.7432896652477089,0.7761244342026001
2,landscape,139,0.44599408921127215,0.45366772655310234,-0.13545840021504105,-0.11771234123568078,0.462497878391485,0.4571913945556434,0.34972081964412105,0.35671664789202656
3,art,0,0.4906376047273554,0.5351910685012349,-0.11826035654969157,-0.15910871314693847,0.4943473403715593,0.5403482628807523,0.3708804629467012,0.41441345477204233
3,art,9,0.4905442047265136,0.48231227968297813,0.5126618131299014,0.47675006456490493,0.49871148672868204,0.4945753847882602,0.44409867646396045,0.4358784029414945
3,art,10,0.5180775865171303,0.5038763456474111,0.505305257727802,0.4913214006022629,0.5195244518877964,0.5047116156263799,0.5118909897597995,0.49849193173237866
3,art,11,0.5939106002494147,0.605378962312346,0.5672440192273437,0.616751617633787,0.5976567373246039,0.6044427708796202,0.5919319075461661,0.5983141234683874
3,art,24,0.690504733910771,0.6774813542614685,0.6798838747821214,0.6619815319372071,0.692341050676005,0.6780916765289238,0.6842938710291308,0.6744875768755038
3,art,28,0.5680913420130203,0.5358754709797913,0.4196471278646163,0.40003858938795944,0.569596352632977,0.5382614606632313,0.5505543849319048,0.5199444624487108
3,art,31,0.625840906726407,0.6376830827879815,0.4939312249464422,0.5424573810470019,0.624900462466062,0.6356136881729558,0.594141571244253,0.6183377606341885
3,art,32,0.3466041787053878,0.37290203819609913,0.36084683584257776,0.3880120642377592,0.3466041787053878,0.372906224630975,0.347730637005907,0.36994946959021024
3,art,36,0.47316561929411216,0.5133666230843482,0.150254671253904,0.11434664677617433,0.46839720658655026,0.5133958884226861,0.4190668417904634,0.45060481324722573
3,art,42,0.4477791175827493,0.47159884599945856,0.3837316100902954,0.40105758965926824,0.4617659259746599,0.4702161196963449,0.4435097629143038,0.4581172256754315
3,art,47,0.44682475798514326,0.4396032104963705,-0.4270712319911051,-0.401141265586378,0.42134270945283403,0.3990817341057116,0.29922358982540526,0.30535409312217565
3,art,54,0.1965644439464851,0.26384830316462005,0.1836380814185879,0.2511552405914963,0.1742703935947272,0.25843776300519805,0.18567908602825592,0.26149865244179293
3,art,55,0.2464718630351228,0.2688530183901814,0.24921098276720594,0.26350912450425923,0.24260774769879126,0.27002765667154305,0.23704565763058166,0.25541547846229096
3,art,59,0.5545262579183127,0.5447897367016628,0.45354710489618366,0.42966673116671106,0.5550662533890192,0.5446862453945456,0.5272249284707713,0.5218734727585462
3,art,60,0.6541326958045697,0.6412054217794024,-0.5525722008724983,-0.5195639460720566,0.6560125296123723,0.6415127425033184,0.48665081080038325,0.4750950479185239
3,art,67,0.3923995593687762,0.3996409427185338,0.41847575106421925,0.3914330465774561,0.3861161396831272,0.39818473046149494,0.39904951186942134,0.38793198477917235
3,art,68,0.6905547200196882,0.6974419796803296,0.6856204062497894,0.6773420070814963,0.6966852310671383,0.7003276090119739,0.6822596615176214,0.6844075359470735
3,art,75,0.31888143853415357,0.3527446112123554,0.29060366698874923,0.3622570511363471,0.32874213746788317,0.3525311592497581,0.30817851814954617,0.3494826532809652
3,art,76,0.490682260008575,0.5293573320062659,0.5188161423264069,0.5420437180852471,0.5060191333554487,0.5306556540114263,0.497715730588033,0.5248163042791101
3,art,82,0.5613311845209613,0.5790242045544152,0.3729676366491801,0.3846562298229771,0.5653835884798409,0.5798133821058546,0.5315972807744827,0.5442241767668025
3,art,84,0.34596862646738236,0.3147254769736109,0.27096985411203023,0.2745712511842338,0.35642177065222846,0.31971908074198857,0.327447278761223,0.3069465266608925
3,art,88,0.5575753611469599,0.5529048363142571,0.48481150390065036,0.5250688084898141,0.5525691284617574,0.5518865659220081,0.5486746051564373,0.5471818634262925
3,art,95,0.330452750279232,0.4356262214472182,0.2612383188933524,0.35262808155974595,0.330452750279232,0.43651909930954236,0.30749771175183144,0.3941140921934235
3,art,96,0.5641887399044724,0.6211648255302554,0.35789448590926515,0.38760000840918984,0.5740660969919037,0.6360506361343996,0.5278594414485683,0.585659916300547
3,art,107,0.47929709486078015,0.5184670075193695,0.25507550614333624,0.27579864341485133,0.47905026352137303,0.5225923119420032,0.43939504576462063,0.4737586886275638
3,art,122,0.6456186770067722,0.6914090649704167,0.6102066521971957,0.6707722132290448,0.6393319375121456,0.6868838139083953,0.6384829470223579,0.6853022964502689
3,art,123,0.3927540877859006,0.4702885858315165,-0.06704110561904345,0.04405776914125377,0.39883525002125625,0.46818239927203725,0.29047614315153814,0.36249865980888857
3,art,132,0.590278314369598,0.6495413339506704,0.5970602775588494,0.640590169502224,0.590278314369598,0.6495452985481223,0.5876192756217787,0.6357779786289642
3,art,140,0.5777616279105003,0.601068973685623,0.2406521571541526,0.22451462640827533,0.5848338545697244,0.5994231799038342,0.5023455918390721,0.5217281224668681
3,art,141,0.5514222655421502,0.5076498715018559,0.5210162698261772,0.49705561202484977,0.5514222655421502,0.5074755925500357,0.5230662733091495,0.5014412469182642
3,fashion,0,0.3345509981732752,0.3242038322652087,0.07143115906942903,-0.01912775947250409,0.3346012310558838,0.3120199366365826,0.22298376589957486,0.21188289589185463
3,fashion,9,0.22674002411784147,0.2664645638275239,0.19645695332912977,0.23296466396631715,0.22622934838784636,0.25632361812865817,0.22673272875027012,0.26386350802900405
3,fashion,10,0.4376902203800788,0.46112686017969495,0.4201197899140474,0.428101626068392,0.434352820179827,0.46086578319892557,0.43505395467567826,0.45620656870190696
3,fashion,11,0.496476978847928,0.5090694205674414,0.11188915256797573,0.11294276141004048,0.495630088556897,0.5089872683511186,0.45476585283336834,0.4614008518111275
3,fashion,24,0.15131560675513686,0.21196506849323413,-0.39219062147019595,-0.4102456848529335,0.08811240079149876,0.11479082025837169,0.1573767949453187,0.1717119260447712
3,fashion,28,0.3579029256809041,0.33344295802311547,-0.019993442892141815,-0.055111850177960366,0.35693877488153686,0.33184034992115663,0.31296479932543375,0.27811061182570884
3,fashion,31,-0.442973571182008,-0.4016761880186723,-0.43313080224462314,-0.4262590496181339,-0.4426307881841886,-0.40119531371966943,-0.4271006197115558,-0.38205979005289625
3,fashion,32,0.2920997127081648,0.2915265174463317,0.31286994766287657,0.3038119828025857,0.2849812753762683,0.29039531337630115,0.2814290219131888,0.2848211013049619
3,fashion,36,0.46619085150344713,0.48166765975326725,0.3583711623569277,0.37260103923338966,0.4710148874108329,0.4790163448210821,0.43564809691456424,0.45872961577591725
3,fashion,42,0.2582932716059922,0.19703473157870896,0.2080737440447575,0.2649371894284785,0.21232116677381718,0.1885325684003288,0.20356219586868068,0.18549214211641468
3,fashion,47,0.4069071695647695,0.45811675783116024,0.44940527731042973,0.46485490404080854,0.41980314708759053,0.45314530777555273,0.41401112255082567,0.4535328741146475
3,fashion,54,0.11726138506070709,0.1055170188673515,0.05139202832741214,0.09586453109606373,0.10696307928745026,0.09962812814778506,0.08891794584486978,0.09773035049920974
3,fashion,55,0.2644616551819443,0.40105559000791086,0.2940090326230133,0.42448117533342034,0.26769418878233475,0.3932006363315958,0.2727883153936644,0.3988132796371082
3,fashion,59,0.17646154118987914,0.3834467088125467,0.2338313247605797,0.3718068586078845,0.16884520785376883,0.38446201293909926,0.1843746147858378,0.3757855158322774
3,fashion,60,0.39867125391062785,0.44731458009090014,0.11520519032351226,0.1034181574225463,0.41203565889364324,0.45038434141388695,0.3304639818625102,0.3742256232118443
3,fashion,67,-0.060382403377401896,0.0917994491083401,0.007826388763937927,0.11110731002816313,-0.055406686017547314,0.09183213567783921,-0.04116073333843987,0.09243225143542769
3,fashion,68,0.3203812611368499,0.34020179123443384,0.27364618273684876,0.26408232663313763,0.33314116741053434,0.3465766785451185,0.31954670616542125,0.32771124153728415
3,fashion,75,0.4816980147956843,0.48862297197314863,-0.05096291254365581,-0.09401414264292067,0.4834152982708917,0.4895825805931575,0.397709864999825,0.4005377679334156
3,fashion,76,0.20347143612463295,0.26114854536782955,0.10366195487665034,0.18152317274426943,0.20063277134561466,0.25868446823878144,0.19889481331764428,0.25685905547050547
3,fashion,82,0.23369100132399784,0.2616767435525701,0.23408860404849635,0.2724695784440491,0.2068528174203486,0.2507176892463614,0.23276799499926917,0.2600247333334212
3,fashion,84,0.3330337161024177,0.3408707755110698,-0.05769529057248308,-0.02845029793809667,0.3392462716627381,0.34814845782751364,0.2767206100222776,0.28009493593684387
3,fashion,88,0.3386468685188575,0.33238011331748474,0.26345702384555614,0.2084675270647359,0.33069878506765904,0.32547434853206175,0.3077949302144244,0.297733752746801
3,fashion,95,0.05932214702182806,0.055046064338604275,0.05878285477617507,0.05899950312592403,0.06280303333467913,0.05664793404441742,0.06040073151313402,0.05435268373935529
3,fashion,96,0.29365782070565366,0.26382502424932863,-0.2351832874798014,-0.25993633545031947,0.2924220951514302,0.264336082648313,0.2230661157595306,0.1974370855232709
3,fashion,107,0.24765745414941095,0.2358798825112997,0.17122241772957472,0.1816670930915942,0.24582221966042073,0.23208194091282794,0.23116868713829025,0.22940890067213923
3,fashion,122,0.331370539377652,0.3469558919450867,0.3619740259817955,0.37749162075753295,0.3404010764083829,0.3453586026106736,0.2658489762546825,0.2806266477517964
3,fashion,123,0.4714596999105458,0.443283199320172,0.40664906341389145,0.3873928158517906,0.4714596999105458,0.44328422307905974,0.4636508435973276,0.4374814935177861
3,fashion,132,0.40450449784897063,0.42532628563821345,0.18302203264225292,0.1596404668101386,0.4110551779760795,0.42656493954012303,0.36343513640271363,0.37194215552808585
3,fashion,140,0.5348794819771071,0.5395113720844417,0.399959781112162,0.4492601026286025,0.5471716216929333,0.5559429470312199,0.4783160502170302,0.49954799308906367
3,fashion,141,0.26676560227330287,0.2611951469625926,-0.07871771870359756,-0.05891361799396316,0.24678106516056783,0.25394804571923774,0.19572642073006913,0.20752349941030984
3,landscape,0,0.3311913120880556,0.3178389354631694,0.3551418142198913,0.33375122356970544,0.33486074719728093,0.31638522840019845,0.33968485011114663,0.3152378489977838
3,landscape,9,0.5384191323605556,0.6439762062375831,0.27794068724558413,0.31166287377339696,0.5330499946939592,0.6424035012625814,0.48479943977558754,0.5709553860427723
3,landscape,10,0.6866310415864678,0.6693693726178196,0.5596040541396236,0.5602569214750196,0.6750297329063514,0.6644918103430797,0.6524355024389276,0.6428601839327014
3,landscape,11,0.36819110067838806,0.42997558510506106,0.36049991003754334,0.42335890607592985,0.3651836479278014,0.4278551259559509,0.3618662937228216,0.42063924257732077
3,landscape,24,-0.27304193402852045,-0.26795443873284897,-0.2909392532975173,-0.27935517335406246,-0.27137079879557197,-0.26467207115733055,-0.2729418199362241,-0.26605058714625385
3,landscape,28,0.29424395208762877,0.2940195038341683,0.2063004929170998,0.19766049674862662,0.2984270489144306,0.2933716574820489,0.28464040542307184,0.2898391228540638
3,landscape,31,0.4103665889191563,0.2723003832022891,0.36019076145305856,0.22551360489667907,0.40616820335566656,0.2637930822727006,0.39773486092586907,0.2713288677018331
3,landscape,32,0.46278794327706274,0.5510948986326968,0.1691228859009759,0.26697447480599545,0.4748751402728791,0.5557325538054612,0.4062598490560273,0.4923781801749175
3,landscape,36,0.5953790660104388,0.6349781827704092,0.5791387461417856,0.6000507014183349,0.5882273655178208,0.6305235905993316,0.5901075248735189,0.631243890051653
3,landscape,42,0.5012349384260784,0.5161749120952047,0.3765625471803475,0.43675670587849746,0.48530090067192816,0.5123992747230555,0.47613755627657023,0.5010836469256664
3,landscape,47,0.5348780803721886,0.6355696434676508,0.47453388914579103,0.5958581983039853,0.5348780803721886,0.635504819510448,0.5266154799123806,0.6218341399081508
3,landscape,54,0.19155164370429978,0.1611634459530028,0.03199255587685092,0.035483126249346554,0.19629501949676664,0.1838377694628139,0.17516609176466885,0.14763937235623842
3,landscape,55,0.590125208000841,0.6338998761954806,0.5649690702377049,0.6219525259855554,0.5864462471422005,0.6316242284327136,0.5821778002772529,0.6298183961364041
3,landscape,59,0.5342015555231067,0.48642264093537557,0.01930972744440378,0.10925136670144955,0.5174596109835438,0.48084599275769635,0.41634032019090805,0.40435937015835505
3,landscape,60,0.7563627748087326,0.7455518531524592,0.6482060790903698,0.6037606253101866,0.7518113844459238,0.7415619987315859,0.7233564554495606,0.7070520327811158
3,landscape,67,0.4397635084148637,0.4617734127139643,0.4167238590640147,0.420114347786664,0.4397635084148637,0.46156367766847173,0.4210019147600336,0.4381915998906642
3,landscape,68,0.4364987112116999,0.3957431371613974,0.32148857328680336,0.2757823348676659,0.43200027035414207,0.38547521182972255,0.4034030391882384,0.3726912548522877
3,landscape,75,0.48162586456390527,0.4959707160314817,0.5048879947429077,0.5134277617158308,0.4771624761548416,0.49498716096989387,0.47936041364031323,0.49148352836904097
3,landscape,76,0.37121139554742216,0.3830997457489342,0.4118275282494905,0.4615994683553826,0.37121139554742216,0.38452891729636707,0.365480724266707,0.3826781424437096
3,landscape,82,0.4805424888337931,0.4919217508068777,0.4803398138068703,0.4753330818778354,0.46777396213766104,0.4786369836618766,0.4863476806763655,0.4884958730632992
3,landscape,84,0.5543285426835942,0.5844868740204334,0.4888763505003573,0.5451678101055734,0.5614196219614351,0.5792408989443716,0.5476237195226347,0.5758301690305369
3,landscape,88,0.723918169761002,0.7123531288974259,0.592345614270138,0.5827605894324497,0.7328723451625744,0.7166868790052127,0.6734784119953922,0.6683881239674166
3,landscape,95,0.49614706775705647,0.546408452142145,0.18745973716411982,0.31546933279057854,0.49664207630515284,0.5469783098592595,0.4527843189438087,0.5130635370618696
3,landscape,96,0.6087805681819464,0.602152014840622,0.5704189171379973,0.5236127873209764,0.6087805681819464,0.6018290368290523,0.5932744744598628,0.5880081838001538
3,landscape,107,0.314712895180782,0.21214722155410518,0.30254525987352315,0.20358907001362891,0.3176550692919635,0.21109202195734675,0.30558716870033786,0.21068964746112379
3,landscape,122,0.5703898241749333,0.6071313960278883,0.5389241352014529,0.5768885408703334,0.5590107228165992,0.6027581870278429,0.5731815912783758,0.6014908656730261
3,landscape,123,0.6060614880227424,0.5904254997055158,0.6285045480196695,0.5847344686800994,0.5917750467471656,0.5877556572940025,0.5987664342226086,0.5808473972035604
3,landscape,132,0.2777289576248535,0.36242618038105356,0.1773688499252857,0.15674340898607134,0.2701651457648456,0.34840003636307953,0.2629929406550203,0.32744929180330046
3,landscape,140,0.4434074192093354,0.33885308899219735,0.38744627625051065,0.29109813112703437,0.4475397811893909,0.34719183734459197,0.43968758217737486,0.33485247403846463
3,landscape,141,0.4703850416220287,0.45078032465477125,0.4660056633250821,0.4439033681104841,0.4703850416220287,0.4507957335582402,0.4705414479897767,0.4493571361242384
4,art,1,0.45640774058096323,0.4600797728337368,-0.004789114281172242,-0.057031921289344284,0.4575921451881348,0.46256910169722676,0.37973041622972165,0.37233753518318674
4,art,2,0.8180006618663481,0.793623367770816,0.4802948775731398,0.38164269984637644,0.8208802466192158,0.7908284889829078,0.7600330604249991,0.7253276589580927
4,art,12,0.5510474183055899,0.5349577997460017,-0.0052033263738059925,-0.01646698131089579,0.5693853549433723,0.5563768384028329,0.37625606633113623,0.3706585434260088
4,art,13,0.32412540168884313,0.3550117275662864,-0.08952874498144532,-0.14291486638525192,0.19624818443142858,0.22503016430084521,0.23414887305009766,0.2454062850501326
4,art,26,0.4026210519990129,0.37567368627944325,0.37188127011299016,0.3455705695611426,0.3891035583357781,0.3687877956504863,0.3944962515749733,0.3693000813167033
4,art,29,0.3475416641552958,0.34129206806719903,0.3491602543536614,0.30916881613861735,0.35088000643942474,0.3319529758652816,0.3523179504102941,0.3396164200342536
4,art,34,0.6444649309079841,0.6332518725028748,0.6180827487949097,0.6031599575868339,0.6437745560489504,0.6336723581194438,0.6330526118096715,0.6265802985610175
4,art,38,0.6853796316085752,0.6726698161538204,-0.4300766985079538,-0.4080548891190946,0.6827345129617152,0.6735853358672337,0.5221100330145696,0.5151966638031757
4,art,43,0.3576162847403568,0.3402029964773983,0.3560490810822232,0.33717710442303356,0.365550253259658,0.3407319660025441,0.35379622582365616,0.3356898029297975
4,art,48,0.6134694427141607,0.6450552796004452,-0.24135779321360293,-0.25176599613695577,0.6105278486469626,0.6478534929860807,0.47994908724496,0.5079899684622317
4,art,49,0.5929323444184884,0.5321902426029612,0.26040947558920097,0.1824327248114887,0.5929323444184884,0.5313943197357188,0.5143608244469264,0.4656444289286777
4,art,56,0.26164452757852713,0.25854677014501903,0.19644287889252507,0.24429091074490722,0.26614841656406624,0.25849989516337624,0.24464646150685795,0.25611651726254
4,art,61,0.3508765398397775,0.3949157738991559,0.3434537656979412,0.3794952909239851,0.34937192345967555,0.392737474963826,0.36178859101546934,0.38791861565426894
4,art,72,0.42627275296490735,0.44758817770518616,-0.35978756034767523,-0.363663154992463,0.4269704986145635,0.4554010176949706,0.2955593613114736,0.31251606034137025
4,art,77,0.3617531027125178,0.39709814632253,0.3824360184468677,0.40176693090109233,0.3672949365934919,0.3991740903101488,0.36067866553151257,0.39605778604764535
4,art,78,0.477526723140736,0.528519302194246,-0.350915387282726,-0.33657985349483793,0.4781179044754816,0.5443965356369629,0.3458833080643559,0.3907161933600176
4,art,89,0.5432191320779275,0.5358084948472881,0.5623121535986114,0.5538345334503674,0.5449319625045852,0.5360219484246658,0.5368140098942078,0.5340662200625224
4,art,90,0.4427162515168682,0.4524245632967042,-0.16278604318577472,-0.1439068611527136,0.43798265062839303,0.45066691683185517,0.33371530353909185,0.34486071233732957
4,art,97,0.4173622017894904,0.3856454254183852,0.4077520534420772,0.3950340763766116,0.42319873167587746,0.40442637265107967,0.40164238545755865,0.3821352795770015
4,art,103,0.680271135084703,0.7404127770044587,0.5061716526597225,0.6884684043246194,0.6808203448084411,0.7399640562138531,0.645321425392278,0.7135297621789809
4,art,108,0.3803615326712553,0.40392992251745197,0.11789767313768901,0.20991968728670168,0.3791696438105541,0.4023221982029574,0.33216097957837654,0.3663935263721334
4,art,114,0.516892434790295,0.5301260474925139,0.4102218912044236,0.461430592309963,0.526086466813915,0.5332206836651684,0.5038569638873744,0.519764491875052
4,art,115,0.3211329020878592,0.24512935203154812,0.31227693273544554,0.2533412859589045,0.31887433272281407,0.24836335342918872,0.30726732399342815,0.24236854939464608
4,art,124,0.5374439914144283,0.5730492223391472,0.5448597764908161,0.5653184762851061,0.5362915383282328,0.5714112329900476,0.5423973922569575,0.5701846832788177
4,art,134,0.54576089492675,0.5540205639037191,0.551129842358791,0.5774232504061643,0.5487162788342955,0.5543410836352975,0.5427632912490966,0.5513074009761062
4,art,135,0.4700429453090378,0.4188033474712494,0.051661378827124564,-0.019460027884344054,0.4692869251310799,0.41860134227386697,0.3063897774537466,0.3015696007337305
4,art,142,0.5861308360509401,0.6253992469009584,0.627960975591995,0.6195814121655875,0.5877083717270625,0.6296149655915582,0.5889660384181648,0.6171696382009119
4,art,143,0.8108308526267797,0.8107775942457347,0.7466573605290238,0.7439411207338334,0.8116604719162562,0.8105395379164705,0.7976545462645027,0.7951512768415484
4,fashion,1,0.23272709870964045,0.2839850402252513,0.03982466104410793,0.014809458169605492,0.24444676883559135,0.28615363033010477,0.20163069571464964,0.23540831202495074
4,fashion,2,0.5327756783221532,0.5601034132347649,0.5689095978636275,0.5715424885676795,0.5417592494788733,0.5686318182615911,0.5258614900222136,0.5532460608710494
4,fashion,12,0.27684068617977226,0.3409822856755289,0.25639566832732735,0.33291793067004216,0.27547768498960923,0.33751354064297306,0.27290312718596804,0.3255120291556891
4,fashion,13,0.4310809478055565,0.40151946360212026,0.077712376628169,0.17605051456030635,0.42791305474555474,0.4039965562721143,0.3561899759339517,0.3579037535016085
4,fashion,26,0.42072683423915846,0.4407858392121677,0.38143067482049925,0.41808723370857764,0.4381243617037901,0.44623335519893137,0.41699879263959455,0.4353764944124645
4,fashion,29,0.22476678788975016,0.15956683145027642,0.21070246401525727,0.13558230989679446,0.24455130319080917,0.1602238700496505,0.24026303386447126,0.15709478059223841
4,fashion,34,0.5138264142166149,0.5082399534320585,0.5280016101948131,0.4998610612664664,0.5196431325662894,0.5103208274908905,0.5128837287697889,0.5000045605202886
4,fashion,38,0.35737898183598965,0.33611610275915726,0.39941487145348814,0.3706578712541966,0.35516137921841934,0.33842994276274896,0.3568721012376878,0.3351395084150406
4,fashion,43,0.6245315148064657,0.6247351515746394,0.6495936847663112,0.6086148169483991,0.6143685088778669,0.633203675590096,0.6142768867717144,0.6135142861866241
4,fashion,48,0.3095139172970186,0.26434657886436946,0.32266271855689194,0.26757350353075743,0.30537721577705845,0.2598832789210468,0.3111109092103366,0.26228867727041877
4,fashion,49,0.16184980927606357,0.17280655723695287,0.15631008407420016,0.17399846575589983,0.15925462269501045,0.17558744718570032,0.15860582604974716,0.16886349390254748
4,fashion,56,0.012219629806898866,-0.013091452513495402,0.05603573097163623,0.07998869414537811,0.023740995053403508,-0.02296396436468444,0.01728204786975697,-0.010759916226303042
4,fashion,61,0.3451848086673952,0.2884360164977837,0.2575625123530129,0.2067536209562435,0.3561438508677663,0.288104527926662,0.3362131204994463,0.2859573216390858
4,fashion,72,0.16088325053027552,0.17724503063587713,0.1349264399424381,0.1864930909624964,0.16543793616172628,0.18519723345942915,0.1511511956710621,0.17569520956034748
4,fashion,77,0.46447170604616433,0.46802313406726437,0.47590728238095265,0.46936753959143035,0.46969658144050724,0.46733443751587894,0.46405625099459263,0.4642700660558518
4,fashion,78,0.5076778679936172,0.4849864173772452,0.5677102140170632,0.5423926845343646,0.5076778679936172,0.48479616030068723,0.5042032123585545,0.4793923355262594
4,fashion,89,0.21613173894916285,0.16857408547349392,-0.14201957966037493,-0.2099041865775087,0.215097615796296,0.17020302427851344,0.1441159653716287,0.11325111843379543
4,fashion,90,0.3030663744328336,0.3246765952942401,0.3494366523698913,0.36550317879879224,0.3030663744328336,0.32464914091910596,0.297153292374093,0.32243777155846615
4,fashion,97,0.49343357674398985,0.5049042142551948,0.4759420805861573,0.46138073814792335,0.5004199760839989,0.5066946642831375,0.49018442752016933,0.4992695605121373
4,fashion,103,0.3775966177601538,0.38489915276730535,0.30779135368195293,0.30587318040576383,0.3706160913523337,0.3823511837128373,0.34637656955048496,0.3605986379764709
4,fashion,108,0.2942340966348017,0.34908055827594037,0.25793982232114476,0.3170786406459945,0.33563609020234264,0.37752576787969355,0.3005696330170232,0.34555243137847835
4,fashion,114,0.3538153617820192,0.44068731647180825,0.10341745202202497,0.17320813559608936,0.35999487373000194,0.4383823225367929,0.3150675601813861,0.39638619944086295
4,fashion,115,0.16630437453344749,0.1960232997391206,0.08827841529893753,0.11175507021499928,0.14883943484230047,0.149183508656417,0.1323622733101847,0.15925214758002
4,fashion,124,0.5189308995192397,0.5204147316480561,0.5344415723433855,0.530569771505558,0.5210128690258364,0.5190510472024875,0.5211318387119277,0.515805844254256
4,fashion,134,0.3902951393833548,0.34692825259857235,0.297415539710187,0.2966304929019558,0.3832664129216016,0.34835662893389274,0.3621156840076115,0.3364917650315263
4,fashion,135,0.09467811800503213,0.12981497427810884,0.055595871619234,0.09069985353563781,0.09097506264965563,0.1290018269713769,0.09697286852448363,0.12662188289347204
4,fashion,142,0.28600705545481736,0.31040696414099467,0.3100016168649147,0.3111591740452193,0.28382573169026304,0.29643618665842736,0.2919132975415674,0.3062861397829992
4,fashion,143,0.4551222150847149,0.4541041855893631,0.49124631175621036,0.47312328431011447,0.466663294680336,0.4566131292132361,0.45454553077436355,0.4482328957066339
4,landscape,1,0.6037082665531065,0.6121553892992587,0.5704108958613128,0.5810516644142074,0.5873174782263372,0.603269468818125,0.5923280488836713,0.6051247972826016
4,landscape,2,0.5775362582131003,0.5712482143324998,0.5700149490681128,0.5655377287127082,0.5685106872391154,0.5586761771735027,0.5675221723229169,0.5632835501813073
4,landscape,12,0.6876716529208603,0.691204841162625,0.703864625381805,0.6946245177913336,0.6887310062594268,0.6901386631367976,0.685992541846806,0.6863889824558458
4,landscape,13,0.4963542366426558,0.5147992981508459,0.36933906052065546,0.45597667404578146,0.49425682782036473,0.5136492630141961,0.4286169902589623,0.4565284954864425
4,landscape,26,0.26730161174298817,0.25019217379370867,0.12386188045065222,0.12669964126170546,0.2672524211629839,0.24423351858622153,0.2624457987739991,0.2410536099150916
4,landscape,29,0.388499149004938,0.4002681628557832,0.16082837988376605,0.18749106444159436,0.39795366185524794,0.40754370894643366,0.3489455917886262,0.3653826358280638
4,landscape,34,0.613456933773365,0.5852064578670655,0.6332458671208928,0.6209732680082498,0.6063368460924926,0.5789352017441415,0.6147897580683066,0.5828156042315903
4,landscape,38,0.4737267859166429,0.4655792426329567,0.4871735168708836,0.4675209586889085,0.46795654121597247,0.4659609047961229,0.4688471019414586,0.46308485424254453
4,landscape,43,0.5015866786182278,0.5375892410700688,0.13568157000477296,0.1423466806761646,0.5148383771463907,0.5463796213878506,0.44982311421823945,0.4729262141182825
4,landscape,48,0.5764938875769363,0.5655763099021465,0.5444607545990217,0.542611492837519,0.5880770684617503,0.5482856334221224,0.5672756671382633,0.5615774096410096
4,landscape,49,0.5433372296483462,0.5647235652598452,0.5509057101199875,0.5322670946562801,0.5482169078471675,0.5634222691169386,0.5310028827142994,0.5457975975026266
4,landscape,56,0.13174777673165947,0.10928664252617305,0.037412599618792654,0.047623634697703164,0.11656103259010513,0.10400634288728863,0.11801002851184883,0.10326678653452152
4,landscape,61,0.40149069763472384,0.39071402254722726,0.20619857663244903,0.21100506220113355,0.4078399957480647,0.3850544389173244,0.36078350408548204,0.35599776016161105
4,landscape,72,0.38010535547100505,0.3980600786915028,0.28587488208790834,0.22812428964501716,0.35174805604854503,0.38424230031012746,0.3216975746719189,0.33591461352968083
4,landscape,77,0.590297052858877,0.5405057267154382,0.46418613349344034,0.4407723416455028,0.6152743611603809,0.543393025860443,0.5140917749821317,0.48207965368796935
4,landscape,78,0.3246252387253516,0.3240248907824645,0.33942787421335807,0.31147405593249994,0.33337895672158135,0.3230830275067193,0.33159449093422794,0.32133989810879077
4,landscape,89,0.4371915692000514,0.4612930736924413,0.374122280856258,0.38511022943684076,0.43640196934598197,0.4586030443877897,0.43480866964044906,0.45482860119118707
4,landscape,90,0.5424851942846007,0.5095190155784037,0.462288197582477,0.4043367995600147,0.5375585896740206,0.507807332940238,0.53221841148052,0.4963809725555934
4,landscape,97,0.6181833794191959,0.6393221054858436,0.5144473108957006,0.5438122479793648,0.6181833794191959,0.6394852459496762,0.6100388120557809,0.6298795642172921
4,landscape,103,0.4912758139635401,0.48177333373077424,0.4551992971199549,0.41726951579878535,0.4877028989528962,0.4820331498518278,0.4630894844351269,0.4580308315220641
4,landscape,108,0.44990090092739693,0.40116395513090763,0.24081689998403127,0.26846354476283135,0.4641243023521156,0.4273117449135417,0.40496055770663536,0.37311811915322635
4,landscape,114,0.4459023678533378,0.4166133982663151,0.4623083037763694,0.43045106586467063,0.46854156210578873,0.43085894306024297,0.4510100778215591,0.41264470322818214
4,landscape,115,0.25206523796184793,0.2732220761025863,0.26107676332309887,0.26282748408567996,0.2378527751063893,0.27073640555381057,0.23783806241192193,0.2684576230289571
4,landscape,124,0.46135474817158373,0.46763884469427125,0.18611892614080983,0.17411566248893406,0.466016399932105,0.46223976968012775,0.4143981708634764,0.405504300482684
4,landscape,134,0.4455309346789518,0.4267434559190282,0.4263864461132081,0.41569037459499997,0.4455309346789518,0.4267533518496652,0.42142673404954395,0.4029612652432674
4,landscape,135,0.43717115530241585,0.5430356614908869,0.10769736990318894,0.05143032000583551,0.43638003848138357,0.5371223772923788,0.3791559217600515,0.45163932780426613
4,landscape,142,0.4493767225208681,0.44194211639958564,0.4586145729175172,0.4283159176023429,0.44386381180028717,0.4418023341135105,0.4098639814617751,0.4066309816698407
4,landscape,143,0.6852411757166758,0.6803988740119539,0.6356135418835009,0.6407987048457252,0.6844915135741807,0.6805993414545313,0.6663496897257994,0.6555710241447079
