fold,domain,user_id,own_srocc,own_plcc,other_srocc,other_plcc,pop_srocc,pop_plcc
0,art,3,0.1467244473306686,0.11806873535284669,0.12084803561779411,0.08784261709582378,0.12923508916804802,0.08136370561325379
0,art,14,0.5738486667756538,0.549940484875506,0.5775640550102958,0.5827234243957508,0.612890045818817,0.6238170733388566
0,art,15,0.2789543094350468,0.20334708103786578,0.1184533566772921,0.10656706523634718,0.2722632294828641,0.23625110789013445
0,art,19,0.6446693775113774,0.6307756011335311,0.3461880543024189,0.3653997858404952,0.6334460248388255,0.6358806948022601
0,art,21,0.5494732021920617,0.5226302188038014,0.4596965737332215,0.4498644703596096,0.4324869625308502,0.43975639719488474
0,art,22,0.3552260087650324,0.3422344397953144,0.37749579719830073,0.3670904058409739,0.3863861849724914,0.3790567274753406
0,art,30,0.3738147101527396,0.3515351001056569,-0.16358040722889694,-0.1534683787105673,-0.21487298791025974,-0.20802569559202091
0,art,50,0.48239119008231324,0.5171751664026141,0.3270855279040297,0.3384012684984484,0.43726070909980047,0.43537769153915373
0,art,57,0.5013138518248561,0.4722710271731828,0.4018161124088218,0.3997931072200478,0.49956520965585727,0.49448520535926016
0,art,62,0.47791856160383067,0.4522409204425779,0.41598748159947885,0.4155436695493794,0.45227799208518216,0.4498772914891219
0,art,63,0.047650490107574384,0.11364668541930412,0.1494483543731046,0.12868913943738475,0.1856467098833964,0.18841365333781634
0,art,79,0.4468528089627647,0.4584007730551733,0.330663962332451,0.35656706169987895,0.4361275282562303,0.47164543218463595
0,art,80,0.6966278609886111,0.6602263941364704,0.5181575017926008,0.5239422666747215,0.6137989065720526,0.6117531501078881
0,art,85,0.1596206290712411,0.1943314071598003,0.09183903242838172,0.1393200800739493,0.11861017136334823,0.15698299922271508
0,art,86,0.690208972438415,0.6724903697912933,0.4890880196087628,0.4997875193213918,0.655713328813758,0.6541533690750868
0,art,98,0.326053550804606,0.35246346051113164,0.42320420063618247,0.40983041290886585,0.44844069617842863,0.445336211865408
0,art,99,0.7496493585263988,0.7468048565107454,0.6427203688952228,0.6460031037333971,0.7401767286072277,0.7483243403162418
0,art,105,0.25376090509862825,0.264633823618426,0.21559987609613235,0.23135946811639277,0.24680446752004825,0.2588964720937313
0,art,109,0.4989886120133096,0.5051893801364918,0.46790623321893277,0.47214757009778674,0.5326021291459907,0.530114101220581
0,art,110,0.4825345067975642,0.5046060567062226,0.37459888612902276,0.3829847184526955,0.40719951351053224,0.4200255896436234
0,art,116,0.616419310695759,0.6315005751796858,0.5225054841289333,0.5393166277335714,0.5959857987676621,0.6116769897307587
0,art,117,0.7120579468073802,0.7235811944051052,0.46490227589861793,0.4762196876864445,0.7270465780052243,0.7265567301666764
0,art,126,0.4230400157573236,0.44225486619234244,0.3549853242093985,0.37533445195340953,0.45883495191369866,0.45272628593021
0,art,127,0.6566654466133651,0.6586395683988486,0.44925298885328663,0.4772590890481334,0.49949167397081484,0.542284163276524
0,art,136,0.43484907333772516,0.4413440880263638,0.330612879816868,0.3677049341004569,0.3377788523212598,0.3923720648411129
0,art,144,0.67960278776965,0.7009512920670413,0.6651265691214353,0.6755414469648755,0.6757053442874384,0.6731962422965337
0,fashion,3,0.4057952615520385,0.42707902445615026,0.4268629227500759,0.455452466215197,0.4773420695717141,0.49458277692391955
0,fashion,14,0.6582403066303211,0.6780988325615571,0.5149046003491675,0.5859273546682731,0.4954481090415778,0.577493499961746
0,fashion,15,-0.06929464325124422,-0.039398147181544274,-0.0031748757580319837,0.02139526296326384,-0.043668086364740295,-0.01972322024902117
0,fashion,19,0.5185393570325718,0.5662455246525523,0.3484005740763739,0.40592739592600385,0.44082304482759044,0.5329568619309182
0,fashion,21,0.2767076768297568,0.23952630885428478,0.2443434376884126,0.23672640005053602,0.2406351405404659,0.23506795293849672
0,fashion,22,0.3849840491274067,0.38536198736992944,0.34506735888366113,0.3340568630691085,0.3976072759566254,0.3785562737802285
0,fashion,30,0.5622315024015462,0.5327544390407422,0.34308578183443983,0.33340781619243315,0.3460038869047206,0.31704645346337196
0,fashion,50,0.04568732884240096,0.14982520393302987,-0.0031699240966322428,0.08278863679027756,-0.02377443072474182,0.07134964554030017
0,fashion,57,0.26309987143908914,0.21849973389044042,0.15109788967559384,0.14867037282572754,0.2354839343741661,0.19715890230821445
0,fashion,62,0.2775724034170021,0.2462437640087857,0.2381708795088871,0.19019128166178967,0.2746031853380183,0.2423932683731008
0,fashion,63,0.11626896966936952,0.17954686902095965,0.2848190207175604,0.2954548043493214,0.2935691596720593,0.30165481411759637
0,fashion,79,0.48503803988588945,0.5574721924098679,0.31139155277169317,0.4022719044735991,0.4236142323422497,0.5202486572980238
0,fashion,80,0.33698582537154764,0.3578147571200103,0.28049704163819544,0.25992168609705885,0.2991733644901125,0.27204801357175046
0,fashion,85,0.4449617923376111,0.43590537218082037,0.3256923651715805,0.32849899044445957,0.4520418473759112,0.4303334686424849
0,fashion,86,0.1400936927196349,0.14791711795538603,0.1376920865587269,0.1554135774500645,0.11347589110290428,0.14843823472682538
0,fashion,98,0.41766912192019684,0.38928716765074484,0.2576894295753495,0.28352037720999174,0.32337574041723544,0.364775864996723
0,fashion,99,0.4032451109386219,0.4454107506966787,0.32171425033552936,0.35120971428618436,0.4308760479534904,0.46112299081324437
0,fashion,105,0.06821236391738103,0.09089466754271809,0.06580177266165878,0.08281874257616348,0.08468649193137814,0.11599110718915254
0,fashion,109,0.3452938322609885,0.36337995476930435,0.47463459795851515,0.5530440160860246,0.5331936752348284,0.6243711883394378
0,fashion,110,0.35411670287639013,0.37430199883816834,0.3343996927232896,0.3703698854101464,0.3911423098795516,0.395294265275332
0,fashion,116,0.2633223254397386,0.40105867809099743,0.18712521809737487,0.2906113637167033,0.2790543139609522,0.4032923353413429
0,fashion,117,0.46290032938756726,0.5291272559401662,0.43351796971764633,0.48441820050943757,0.4897395015800712,0.5372572204350402
0,fashion,126,0.2714474684882662,0.4459979277509366,0.19044015702536338,0.320931873276753,0.2328252792995553,0.38558781158277866
0,fashion,127,0.3262310915128185,0.3048652174490127,0.4506223533602448,0.4207982646009788,0.5411967979516218,0.4884402993533927
0,fashion,136,0.5203504836186931,0.48011835931422997,0.3191862342431097,0.3209786359840273,0.47021395168145314,0.43957500918651177
0,fashion,144,0.5491068016293195,0.507827647976369,0.44891533721535987,0.3940011510261533,0.5220924094132934,0.45678316756811504
0,landscape,3,0.3435085158657108,0.35950704357285473,0.3945620751044677,0.43923076746252027,0.42135928472805145,0.48300622663268983
0,landscape,14,0.34202745565554116,0.4048148862601052,0.2505227189685659,0.2319158873607235,0.31654888866902686,0.33800100965624397
0,landscape,15,0.07521504451350453,0.11211400642578148,-0.06993398819659888,0.026546856069476286,0.03200640192064022,0.042161300278275436
0,landscape,19,0.5304446899049102,0.5702752995957029,0.4449092443009913,0.4751045091406997,0.42787552509993276,0.48399727527349595
0,landscape,21,0.5056122163971013,0.44704802848290387,0.20938164965673667,0.18994179574253206,0.1630974951323391,0.18384554421872634
0,landscape,22,0.4202146982014358,0.411159717999432,0.40907201405703864,0.4073730114087276,0.40164355796077383,0.4359375508410145
0,landscape,30,0.5190619126444319,0.5352721483996694,0.35390630708334986,0.378945435944287,0.3819607151225244,0.4185469001453988
0,landscape,50,0.3799639468541054,0.3836465165517911,0.41289972281877774,0.37933304882689856,0.4291783247323514,0.41695422292299356
0,landscape,57,0.3598440396572467,0.42435936922865297,0.39700905552836374,0.39299176135831393,0.44027659503831224,0.44703496912646745
0,landscape,62,0.31699981759546336,0.33733817508043884,0.3267023704805858,0.40076374459590847,0.3288916644649212,0.44842176649443705
0,landscape,63,0.03984216010523907,0.04188048561675568,0.17023092583486193,0.21434689628546746,0.1917694632302752,0.2392313370004979
0,landscape,79,0.3910852822594496,0.34241841724267574,0.3696548094362772,0.33083033774013637,0.38217329088600005,0.36053794566051645
0,landscape,80,0.7500969138725492,0.7318532818105925,0.5788791400538151,0.5532223532121087,0.6343406145499889,0.6188783886614928
0,landscape,85,0.4814602357256816,0.5561456173351397,0.3132902022920203,0.3165809368834246,0.30800520484665284,0.26524288625674897
0,landscape,86,0.5874017716724966,0.5813877852269684,0.483874904625236,0.4690122520127069,0.5717952222415896,0.54960150491614
0,landscape,98,0.4975424578702002,0.4989179327888638,0.4578866999521184,0.4351424309038766,0.3885850887579723,0.4252779735961054
0,landscape,99,0.6169393434335533,0.5835510409569042,0.5385202367795061,0.5085345069383514,0.5881921896227181,0.5744820651242093
0,landscape,105,0.2676463745320471,0.3090471042137419,0.2664448195397595,0.27762630535070565,0.3109524190457434,0.3269578179795303
0,landscape,109,0.4052511515896262,0.4357409955501426,0.2913513578070484,0.3164544557423537,0.37563760471437696,0.4247470873615283
0,landscape,110,0.7517480900198001,0.6984549937680369,0.6776819053629358,0.6631035085375071,0.6682485200263152,0.6369828954347497
0,landscape,116,0.3023156433976638,0.439868810447798,0.42071711138205153,0.47817568298091884,0.43621059798649997,0.47868692839293714
0,landscape,117,0.5709561075581343,0.5473870862598362,0.43416885025644714,0.42508892111753005,0.5361890940267552,0.513336929413944
0,landscape,126,0.17756595979130446,0.19877048937716998,0.25177145068879925,0.2669797574628906,0.2350268375219351,0.2901874171076503
0,landscape,127,0.2378188826371365,0.30421042374269947,0.2604715589401271,0.26424641436632446,0.2825962919887536,0.3167658288133532
0,landscape,136,0.5161659578801714,0.579770169234477,0.49684220715349203,0.5356229673311196,0.4814451544803729,0.5396791619450658
0,landscape,144,0.4337947077899962,0.4355149746363771,0.483278752282032,0.4758357153709875,0.5631828947380192,0.5312016362080495
1,art,5,0.3185063769482629,0.35963446637531865,0.1465026920335981,0.1780004139224613,0.17533212776058715,0.20202895271483623
1,art,6,0.7516227077312929,0.7243269261993132,0.5152958545030033,0.5005592682698914,0.7021095493939457,0.6714486362403744
1,art,16,0.44965820265542616,0.471895940095354,0.3648847360201389,0.38264129550139964,0.4368846529323728,0.4648937077694713
1,art,17,0.16551314144413626,0.17029412455635734,0.08572706762428417,0.09097482864046423,0.14022709343353698,0.15719109922987484
1,art,23,0.12087603699394132,0.13719534566822497,0.12397668452269468,0.10468577937051833,0.11979327119024967,0.11815050320015955
1,art,35,0.23647447925992882,0.1802198859156182,0.17358488113891707,0.1648390409155725,0.17919313636668177,0.16160372709002432
1,art,39,0.7036214532422467,0.7147029474368805,0.6411786422065211,0.6240010871107342,0.7165064777416821,0.7286928924753092
1,art,44,0.7554052045289456,0.7099696124656716,0.5405014798970258,0.5277127080245057,0.6466324588244864,0.6233800667820824
1,art,51,0.5692777462545775,0.566079039341043,0.38953609619998575,0.410758539641925,0.4910995352107125,0.5413352015416838
1,art,64,0.3268437755418253,0.2743857756286927,0.23835994638042646,0.19602005145893656,0.3359668420921433,0.30314233167489324
1,art,69,0.28521567878014387,0.24063566595952424,0.29969485529135553,0.26366690008459137,0.3186021294734718,0.2962060648756899
1,art,81,0.3851868416356966,0.428814901589012,0.21801317586519137,0.2825937611648535,0.37312881876710097,0.4439567584165336
1,art,92,0.5014505889452976,0.4966101929735228,0.36912498699760976,0.38608679833232834,0.41483103950351297,0.41178957375257225
1,art,100,0.6684351409725311,0.713339703265683,0.492896269898491,0.502072956386172,0.6277278788138406,0.6379503101664861
1,art,101,0.6260618017086993,0.5963082646279849,0.6114149774198322,0.5893194012470481,0.6182501620879701,0.589028820982535
1,art,106,0.40361827189198385,0.4067999874963444,0.41092102408115777,0.4177251576924834,0.4742754253245303,0.47818326082267254
1,art,111,0.6673257048150506,0.6685559125354481,0.34573386452987104,0.3502878712503035,0.6141305800524911,0.6185782908796404
1,art,118,0.6141021597171807,0.5570311087795288,0.33800286525178524,0.3105841384063225,0.6074742617018936,0.5709150432507061
1,art,119,0.522314707655856,0.5221888157407414,0.5158343274930919,0.5329136058420566,0.5423753685542452,0.5503071161900945
1,art,128,0.6922389500114816,0.6278883629323551,0.48157409738902607,0.4525782899227126,0.5246817275201098,0.49165507846741163
1,art,129,0.29756062021417473,0.33772351249482346,0.27977723340070026,0.297160372406879,0.32681489366862054,0.3378312587885365
1,art,137,0.5528204642326413,0.5730858607261152,0.49756350723772574,0.5176363493176522,0.5333510678341422,0.5773778303425132
1,fashion,5,0.20406003582348214,0.2003163880248742,0.13286314780159672,0.17468079738086137,0.13821011840554884,0.16684442896705826
1,fashion,6,0.43142602290200954,0.46615715676204467,0.22337131298663002,0.24868692428181366,0.28895650515401733,0.35542434021124997
1,fashion,16,0.29559350964172915,0.28315334618347077,0.29331858684250467,0.28896172761416583,0.3093602098430451,0.303199450411352
1,fashion,17,0.17468217620754745,0.2497654395605909,0.031986294372144744,0.07275348026938525,0.0422430565344523,0.0812456475302479
1,fashion,23,0.45604816299880685,0.4758410651666811,0.29013537617463553,0.33609416055438157,0.3822423143491621,0.39918925490092166
1,fashion,35,0.2965509507335944,0.2891193215584641,0.25144995463179703,0.22876341785728876,0.21262046005310403,0.20777804421068855
1,fashion,39,0.30759005041216503,0.3510011562929957,0.24975671280862777,0.28685324262379197,0.28060583212242596,0.331526098407112
1,fashion,44,0.33263059917496773,0.3039543536718929,0.3365445014632631,0.2624167333299153,0.38326607133816176,0.31764571390602103
1,fashion,51,0.4812792710434892,0.4764178052377513,0.46384261456650966,0.44316006363692945,0.5190160529787127,0.5110733976011211
1,fashion,64,0.07443300015418788,0.03677850550377953,0.06097780397246931,0.04338631228587235,0.16466080140210268,0.07469639660723879
1,fashion,69,0.2990453340937945,0.3171232632397021,0.30429411864484013,0.28260631418169385,0.3613225793621523,0.3776418537843781
1,fashion,81,0.3903425171304219,0.40089213492635034,0.33889348523463536,0.31974940267537544,0.4106427291215469,0.39337810975872456
1,fashion,92,0.04964874211135862,0.10062289246666822,-0.06274480944485365,-0.016912875177937794,-0.06768814407155942,-0.0041387069645352995
1,fashion,100,0.6205425640790889,0.6558114954539291,0.4541337584383804,0.4745108907618364,0.5691468483291618,0.6328857636444684
1,fashion,101,0.3467733820903887,0.2864601886150283,0.30866860362514154,0.2635434029322735,0.34339071246162,0.2759473942032763
1,fashion,106,0.1230026485679619,0.17831459406770256,0.21387419497179083,0.2809693994766763,0.18282171619413484,0.2783971124418729
1,fashion,111,0.372019246542512,0.3631536599381631,0.28619207357119925,0.27712403640180866,0.34928064441060663,0.3278300431425926
1,fashion,118,0.41761663009859806,0.3796642480175533,0.24041950501807258,0.28612396627049,0.3004995998442678,0.3499786260516463
1,fashion,119,0.5213735812317294,0.5228491057125354,0.2302052086955757,0.30861151704712564,0.27569017082875785,0.39614441859647354
1,fashion,128,0.5101669232718998,0.5485278931154864,0.442599599053743,0.4708322130064019,0.5378090004366757,0.5180118104850442
1,fashion,129,-0.026965224481740897,0.03601366162581026,0.21875350754890582,0.25878463456581463,0.26229809268602505,0.3075838140473477
1,fashion,137,0.2968915267491605,0.2943573087270696,0.13015724532683198,0.15643778281639703,0.18204398781836026,0.20946994965466295
1,landscape,5,0.6102896033142737,0.6246922228907141,0.4539465579669118,0.4617458975691065,0.4135893599564998,0.4371512533327042
1,landscape,6,0.5558848112571982,0.5669858686978113,0.5521022794025849,0.5452340480610073,0.6254440983498275,0.6033067698669412
1,landscape,16,0.5026772693394005,0.4723614376017986,0.30034071570250276,0.32683764071223964,0.5450616902147047,0.5563005255639075
1,landscape,17,0.06634290327124874,0.17203943766070875,-0.0036525868093159387,0.010878349273425614,-0.05702507977809582,-0.07074590533762723
1,landscape,23,0.6385813191958715,0.6412685130044341,0.5136633275699839,0.5352087569600243,0.6813354085870295,0.6842905085193561
1,landscape,35,0.410629492817891,0.39812127240298306,0.3728307932209917,0.36477783318105284,0.42667325479308327,0.4384669328566075
1,landscape,39,0.7527343636423314,0.7480518589642261,0.43809407330001165,0.42521774446668487,0.7540711937297052,0.7258237056231415
1,landscape,44,0.5027255066612333,0.42476459161539576,0.5161738931829958,0.47425432240507687,0.5874715282537349,0.548737318542978
1,landscape,51,0.6875680402572277,0.641299236336747,0.5210724417756899,0.49496821122085033,0.7006576229061446,0.6311111180369555
1,landscape,64,0.2663878020827117,0.32374294201442433,0.27835129655043517,0.32078987306205564,0.2968151868561124,0.33544466158151687
1,landscape,69,0.37228174687216353,0.3238248814652426,0.1970421089276891,0.13855841573454622,0.2469225996450905,0.1963028485226991
1,landscape,81,0.4453075731793593,0.4031137026812382,0.39307188787852676,0.3488804779334861,0.4398823393933937,0.3709764974194878
1,landscape,92,0.43644219402512546,0.391971986467748,0.4163332872599028,0.3669929523094552,0.44663150594789097,0.4071095864823147
1,landscape,100,0.5209993084595401,0.49349609326752836,0.40380442950716694,0.3765049735155609,0.5163546635509187,0.48520818143366695
1,landscape,101,0.2878156212775924,0.31146153977561103,0.12289213707385105,0.15173797835878397,0.1276695816085665,0.1648859910460939
1,landscape,106,0.5082123099115967,0.513669130457856,0.42665678231732895,0.4568534446446117,0.3988677114315425,0.4194707567071358
1,landscape,111,0.4492532700109119,0.4547231059870405,0.26793781946559436,0.28275317447424514,0.45240281643228314,0.4496633736095235
1,landscape,118,0.593482243568777,0.5847721165437266,0.48923449846942263,0.4754070267701939,0.548871497743473,0.5129447357391417
1,landscape,119,0.6957916524428797,0.6837891798729333,0.5838242590483306,0.5979451076202101,0.6989452405079086,0.7030481270664058
1,landscape,128,0.39688544072296317,0.37655648087011856,0.33731987413381914,0.3163455973978627,0.37920018114523557,0.3541248415171158
1,landscape,129,0.5795217600528298,0.6172786904631158,0.4831506182771143,0.4579986154672365,0.5869425869905981,0.5872311497122913
1,landscape,137,0.4306579180150943,0.4663972244030024,0.40219894653639326,0.41445517157874434,0.44376532986153017,0.4874389695948072
2,art,7,0.37486782707304267,0.4380037227298965,0.1861645198363798,0.23217916322142956,0.26612640580701324,0.304999590221578
2,art,8,0.5210163833994875,0.5403789369081724,0.5020074761488773,0.5178159507996677,0.5172933181853221,0.5481380271328835
2,art,40,0.19568964644397982,0.20287933102313802,0.16482015328678729,0.13539326803045498,0.247255164900421,0.23261523268094983
2,art,41,0.5791654989408054,0.6086050264120476,0.2602232556665095,0.2744328031318287,0.5819375564972439,0.6051151132774794
2,art,45,0.11357652071321554,0.0870892709531618,0.1037108081369242,0.05872362048039971,0.09655580253047649,0.018775909601799826
2,art,46,-0.11345828027655283,-0.14901301100384384,0.0915091122947688,0.12443457905312669,0.12139171448683621,0.16195640586237636
2,art,52,0.6470270391563281,0.6453517040338476,0.5170587844539154,0.5217013132393993,0.6253031248313542,0.63940337580345
2,art,58,0.6035870191260868,0.6474747629741641,0.445354118830618,0.48071451665292264,0.6165995931635432,0.6457833611623117
2,art,65,0.6136275210260685,0.6185132774362918,0.5825923558851281,0.5961750927500039,0.6088611957906802,0.6183914750153299
2,art,66,0.6397958293964379,0.6195309761163258,0.434185561327077,0.4265843677428096,0.4451305946083358,0.43785136587136325
2,art,74,0.4631497389336067,0.4774021201432821,0.40352264680192773,0.39360508981537834,0.4999917634985358,0.49508968047109153
2,art,83,0.6371244132421838,0.6225055000018467,0.5258659007469283,0.515749821088553,0.6488230965719969,0.6349750652408448
2,art,87,0.6199956232550664,0.638930453993986,0.4800674859135574,0.48018619311571903,0.5748764986391305,0.5761763493877409
2,art,93,0.6619185043990994,0.6483016095769776,0.4949640153216082,0.484945398581336,0.6895476041816524,0.6487450002258031
2,art,94,0.6786117767219433,0.6938108438412588,0.6156148680096774,0.6377145047971197,0.7039799862126611,0.7141048062591437
2,art,102,0.27665997474124127,0.2555506256453301,0.3119163741780311,0.3145073302821508,0.31275037517850707,0.32531472885053153
2,art,112,0.6227785804681338,0.6073376307610304,0.22051145896696828,0.20604160255458956,0.4169867702275266,0.403452778996988
2,art,113,0.4253372303705129,0.4211624760050012,0.44860109604276055,0.4515279819803776,0.4525063486100391,0.46170990747334384
2,art,120,0.7286466055975396,0.6644923334092188,0.49049458191481216,0.488235091633222,0.6290141156562605,0.6470680763701736
2,art,121,0.361120481547124,0.3789581629007805,0.33545091778479724,0.3573104088412908,0.35942681960816636,0.3712905298832256
2,art,131,0.38825385787736344,0.4068996910225293,0.31294485720492393,0.31199135400613814,0.4120145040692274,0.40934252317220526
2,art,138,0.5064935064935064,0.5170134374118308,0.4098192004074357,0.38967894798266445,0.4811306340718105,0.4544688804826721
2,art,139,0.36517384815454323,0.4073586272683562,0.14560225990262143,0.14894820654285584,0.14659647130516582,0.13353625835558952
2,fashion,7,0.40172785276517964,0.46049294452682865,0.2446648365201567,0.31743450447472676,0.34193834306871657,0.4222851144677912
2,fashion,8,0.40480579159610075,0.3745707011489918,0.3070614442530422,0.3003882665462526,0.36570411294314403,0.3422314612172182
2,fashion,40,0.0774199545099625,0.2724363078236554,0.05416904222184499,0.19994358834912446,0.086941661729153,0.23508144565591582
2,fashion,41,0.34102864343706507,0.39520220611817924,0.2657177452422036,0.27645715287622064,0.32182811678456386,0.36415157320918784
2,fashion,45,0.3517701647087355,0.32591945009083373,0.2235608922233173,0.20286019489079274,0.4429588239175371,0.36199500526714395
2,fashion,46,0.0887526833500806,0.10027191844816197,0.09047505277582417,0.07129579735225475,0.24472843222844715,0.1639355027201668
2,fashion,52,0.49887745274619694,0.5271213136731048,0.5306098958692942,0.5645107160761447,0.5020243041115713,0.5320222512565986
2,fashion,58,0.4050175782238132,0.40067339696137494,0.1703269499378569,0.22488171055015185,0.28174493742249695,0.32534715982642276
2,fashion,65,0.004010080840420172,0.08084095794582516,0.16410636999783684,0.20568200828907823,0.24733782566344667,0.3344017898908574
2,fashion,66,0.2770806739766221,0.2642790518256289,0.2690205071272393,0.27921891284993483,0.384300794719955,0.3294977568573459
2,fashion,74,-0.012920038797927944,0.022543736756998563,-0.03161136340909374,-0.0429383401634152,0.00030163514703333724,-0.03185528291517959
2,fashion,83,0.44952995378962707,0.4616073165469309,0.34914927965794423,0.3608753730278032,0.4366159605891043,0.43942156885091554
2,fashion,87,0.3041966069259216,0.28736872348775294,0.3012421970435731,0.3139553578117534,0.2827233298009048,0.28365441720450085
2,fashion,93,0.5746590643415228,0.5942617714056628,0.4910371844696496,0.5128533541726668,0.5568850827701773,0.5773725365701029
2,fashion,94,0.48547866291161035,0.5312794914078546,0.3289933275070973,0.38535738763415284,0.3919968425062982,0.4404000770582449
2,fashion,102,0.33152707895680655,0.3893069217628906,0.2836102863506015,0.3113279592558407,0.34827087082331193,0.41633486395427693
2,fashion,112,0.3924554314175264,0.46173976823303686,0.3753051651595486,0.38076467356938026,0.39957129655162427,0.3877313956681366
2,fashion,113,0.41794405002781854,0.37809491934284517,0.39093767713673944,0.3905838007927763,0.4337954026908288,0.4234257865483295
2,fashion,120,0.30701821452807165,0.34972932916588034,0.20299777416531697,0.24796916168629418,0.28409500289083384,0.35041325171658444
2,fashion,121,0.3877493755865884,0.44475022955195187,0.2854872104614554,0.3339884871843316,0.3402339452953423,0.3957055106250628
2,fashion,131,0.2486833732245662,0.24928608711215525,0.18889521336397808,0.149396632046923,0.2048616488238722,0.14519193892563975
2,fashion,138,0.6419095968835427,0.5802154362296047,0.5364977473072826,0.5073185993044016,0.6270951236744768,0.5573155511435806
2,fashion,139,0.30846515488349985,0.33962598499143415,0.3868213813893371,0.41586565750717897,0.417217010410428,0.4652917242819554
2,landscape,7,0.23402237122592848,0.2668965798763271,0.13554218517317868,0.1632123332549742,0.09052383136753177,0.11302831447221309
2,landscape,8,0.4535623084038702,0.452223825919747,0.4908749723806243,0.48282252076581483,0.5029205596125267,0.5002732535544568
2,landscape,40,0.36871547315159947,0.3961916514768837,0.2430266090821785,0.27340240999816007,0.2032005142307261,0.2592182597585535
2,landscape,41,0.41496670069576014,0.4599091751014455,0.46863553201765445,0.466988731465264,0.46486621453398425,0.4799944171306443
2,landscape,45,0.42168310775137985,0.45553940000747856,0.4366053532675493,0.4488411109401091,0.4959950924408602,0.5201059090396805
2,landscape,46,0.2641619256433223,0.2357561461269043,0.37839465974470665,0.3551528187104678,0.4779539925834687,0.4137850623625052
2,landscape,52,0.4432571800931453,0.4761746714060997,0.39164483342543566,0.4532334865476454,0.4753875971682486,0.5254260564601243
2,landscape,58,0.49644928436611985,0.5493698764896967,0.4388990500373084,0.48727227574925625,0.4672521583210629,0.5628255636538557
2,landscape,65,0.23120423075359214,0.17381783688464153,0.25974991674096615,0.26580494047757836,0.2887703750524544,0.2908062513664614
2,landscape,66,0.43575213738802127,0.45453233349639327,0.3985157866488503,0.45984561569027943,0.49530986710252517,0.5336403670722214
2,landscape,74,0.3072529544357866,0.27278261982153995,0.232338069210939,0.21435042220044315,0.2799370507075429,0.24864092242627495
2,landscape,83,0.4978657608069308,0.5045767849673276,0.4497999189225751,0.48210136973586587,0.5130395078109963,0.5501673004634668
2,landscape,87,0.5397236164676678,0.5337346826384524,0.39478558739063196,0.37255013855270397,0.47906982103871953,0.4333075830720389
2,landscape,93,0.6212507393812894,0.6508183854499098,0.6231442826865129,0.6075075529683808,0.6757768555002888,0.6632615394525503
2,landscape,94,0.5020690954627393,0.5342091403584907,0.4721255676886173,0.5083644429566893,0.4916713592125143,0.541033416293321
2,landscape,102,0.6437453998515626,0.6092158679107346,0.514582367392637,0.49206140868491965,0.6208794528615047,0.6024775553015005
2,landscape,112,0.5110139719696795,0.5768702683671132,0.40249779999222596,0.4894467911005985,0.42615298688743075,0.5117588644878804
2,landscape,113,0.39081860550619396,0.3956977358534422,0.29825683338656384,0.3016932196591766,0.33330683747183765,0.3566697179557079
2,landscape,120,0.6558552480520567,0.656591361840056,0.5228811599590281,0.5147205139950982,0.6258046066751012,0.6129404523014109
2,landscape,121,0.7183262220602341,0.6772061288224636,0.640497249242697,0.6163017322903794,0.6704740588949801,0.6360857285113058
2,landscape,131,0.1669197195619468,0.16073065592818525,0.421810906036051,0.4177229584594664,0.44390121568269036,0.43273334596498647
2,landscape,138,0.7517213979250389,0.7851682912574217,0.6763147661586684,0.7012144170189231,0.7550142639410375,0.7834373795724741
2,landscape,139,0.44599408921127215,0.4536678035228204,0.511401984846561,0.4718288351391665,0.5361527713500612,0.466315063247992
3,art,0,0.4906376047273554,0.5351910975955959,0.1818973623166176,0.27611784294484265,0.28489767116231335,0.42628320600581066
3,art,9,0.4905442047265136,0.4823123400957559,0.4694411655159418,0.4348588696503953,0.5208290951320699,0.4886512707433054
3,art,10,0.5180775865171303,0.5038763063940002,0.4302578477086314,0.41721743111077253,0.5557958699731156,0.49671173877172975
3,art,11,0.5939106002494147,0.6053789946106174,0.5091000285182218,0.5407963220788284,0.5441757014485465,0.6054955588296997
3,art,24,0.690504733910771,0.6774814268332706,0.3796708987578092,0.3741293513518406,0.6434056903916652,0.6480661697459127
3,art,28,0.5680913420130203,0.5358753309890216,0.5229008897977846,0.5357248016808475,0.6185091977815724,0.6123046248415066
3,art,31,0.625840906726407,0.6376830076597964,0.436673018611334,0.4452426488219697,0.5128886013523433,0.534637222992855
3,art,32,0.3466041787053878,0.3729018700978104,0.337191211531674,0.3407739198832595,0.3524195196818182,0.38380904503088276
3,art,36,0.47316561929411216,0.5133665738407943,0.4272100418249843,0.44172776371810496,0.4569232135089794,0.47907997234950606
3,art,42,0.4477791175827493,0.47159878124558496,0.38718303115391073,0.4016151811447911,0.39565561580570113,0.44090902230947676
3,art,47,0.44682475798514326,0.4396034528731206,0.4639609417849714,0.4633374697018026,0.49067758569190806,0.49799478422082377
3,art,54,0.1965644439464851,0.26384846502110426,0.15120180816032608,0.21669054249044564,0.13512497185032601,0.23283619549804052
3,art,55,0.2464718630351228,0.26885313144054035,0.21274156004861347,0.18299559617207056,0.24329252763181206,0.203887549741858
3,art,59,0.5545262579183127,0.5447897358258259,0.4360119792474212,0.4664577240547544,0.5168738464608634,0.5348662298640124
3,art,60,0.6541326958045697,0.6412054554237663,0.6003397673149766,0.5593315630100308,0.625489964890946,0.6005262256060049
3,art,67,0.3923995593687762,0.3996409593972985,0.33971308530460986,0.3339595761136415,0.3600923098183979,0.33981561554378026
3,art,68,0.6905547200196882,0.6974418869599129,0.5906024691696353,0.6076301701597016,0.6126523723191633,0.6357781513298879
3,art,75,0.31888143853415357,0.3527446392461743,0.35079045159166145,0.38220703953807916,0.387697639029335,0.4025573135807233
3,art,76,0.490682260008575,0.5293573080749848,0.4725613045573326,0.462577951865755,0.5063610381752833,0.4816668649813919
3,art,82,0.5613311845209613,0.5790243006409537,0.48668883304704236,0.4956376752609641,0.545365689405857,0.55313696815846
3,art,84,0.34596862646738236,0.314725385280723,0.3205766199135135,0.2968245565299986,0.31816123319895684,0.29441278810593363
3,art,88,0.5575753611469599,0.5529048061088253,0.4713293723127784,0.4973778189418664,0.49903713539226535,0.5382245095112888
3,art,95,0.330452750279232,0.43562620541118585,0.3284766208755688,0.39111425038397146,0.34966511948151296,0.4287779314800891
3,art,96,0.5641887399044724,0.6211648792569561,0.5378982620846925,0.6142145253754463,0.5727392878309054,0.6567445341463357
3,art,107,0.47929709486078015,0.5184670572589244,0.4283807261678758,0.45383334619726357,0.42716631597799265,0.46740039986397647
3,art,122,0.6456186770067722,0.6914091371730503,0.464206950464953,0.5072864310075869,0.5844703123910681,0.6456900372048024
3,art,123,0.3927540877859006,0.4702883848369668,0.3657695483708018,0.4581985995948611,0.434333416565853,0.47121357116394985
3,art,132,0.590278314369598,0.6495414621024083,0.4935685093584904,0.5613651155735407,0.557111049137492,0.6072511335670563
3,art,140,0.5777616279105003,0.6010690720660055,0.38509256413177767,0.42201223504942886,0.46701252293445655,0.48365980142415593
3,art,141,0.5514222655421502,0.5076497899005703,0.3366836839163727,0.32852983092358784,0.5011971802093301,0.5023601435726426
3,fashion,0,0.3345509981732752,0.3242039702237863,0.19106579229007054,0.2533828595798261,0.2586993454342894,0.29618662557741654
3,fashion,9,0.22674002411784147,0.26646459336108064,0.1131861687961225,0.1813525144167721,0.2242377130408653,0.27199004479248784
3,fashion,10,0.4376902203800788,0.46112681289871565,0.37018639338851567,0.3875119573004307,0.45545696850494866,0.47197879991818853
3,fashion,11,0.496476978847928,0.5090692777746753,0.45499928141778695,0.4400890698821304,0.5133151505166617,0.5203094766739421
3,fashion,24,0.15131560675513686,0.21196511788096453,0.40284679568908566,0.43801682195765484,0.4917240431267511,0.4959178200084284
3,fashion,28,0.3579029256809041,0.3334431564948325,0.4185936812621264,0.363383841138062,0.48912892395267754,0.41155069174634124
3,fashion,31,-0.442973571182008,-0.40167577519073466,0.24191665226103867,0.2136126561628501,0.278584639227774,0.22927655181320142
3,fashion,32,0.2920997127081648,0.2915264710546408,0.25682931842122,0.2523134543303019,0.26679513068587507,0.28207734084646957
3,fashion,36,0.46619085150344713,0.48166767717271886,0.35651117325449233,0.4118360818909742,0.39383031289266024,0.43818092968819883
3,fashion,42,0.2582932716059922,0.1970349521175351,0.0481108071004545,0.04781523657278837,0.10148841838494298,0.06976039645165351
3,fashion,47,0.4069071695647695,0.4581167142858776,0.26790416335666534,0.31060995300751165,0.3845834508983709,0.43519021866362595
3,fashion,54,0.11726138506070709,0.10551695296362282,0.15313132932407994,0.14779704238837216,0.16780765880770684,0.20788630469041913
3,fashion,55,0.2644616551819443,0.40105551557509544,0.22597430200229543,0.29600411521074543,0.2776443312710366,0.407293104771843
3,fashion,59,0.17646154118987914,0.3834467552030849,0.18858832647568582,0.2552530971857038,0.2312595758418931,0.39470761338709137
3,fashion,60,0.39867125391062785,0.44731456432980105,0.31549039342235624,0.34769616271349446,0.44810950392298554,0.46187553433937306
3,fashion,67,-0.060382403377401896,0.09179943246440259,0.026267641228898953,0.055851469979717495,0.009173978882231875,0.05365571592759282
3,fashion,68,0.3203812611368499,0.3402016434813941,0.28515572068491923,0.28657212982713454,0.41246781364211527,0.396877552990905
3,fashion,75,0.4816980147956843,0.4886230942185608,0.2622796950016807,0.34589826894085673,0.33219333577762555,0.4237738436674869
3,fashion,76,0.20347143612463295,0.26114848102259486,0.18358050649451188,0.216628767971142,0.21447126214332887,0.2793114793159167
3,fashion,82,0.23369100132399784,0.26167670734577875,0.2032545127636371,0.22876745732525922,0.3148019571216934,0.32245776331894166
3,fashion,84,0.3330337161024177,0.3408707975158223,0.3731912678636359,0.35954155075882366,0.4231666943136225,0.4061813020828048
3,fashion,88,0.3386468685188575,0.3323800421683409,0.15841554304450173,0.1775652160842294,0.3089512683852385,0.28207884174820264
3,fashion,95,0.05932214702182806,0.05504611772617245,0.0033632225501631363,0.016664904800857742,0.06755861040998269,0.09504571905258093
3,fashion,96,0.29365782070565366,0.2638251067842226,0.3361865513798069,0.3502807822474983,0.3936527325534128,0.40329837220425924
3,fashion,107,0.24765745414941095,0.2358799744753511,0.16329618877442234,0.14046044812522604,0.2041574366671291,0.1749809531941409
3,fashion,122,0.331370539377652,0.3469561492860608,0.25858441090996126,0.25026026701860643,0.30357655318306925,0.26448825396195724
3,fashion,123,0.4714596999105458,0.4432831751268462,0.48880282527383656,0.45685449056434563,0.4698519941990008,0.4441599910489839
3,fashion,132,0.40450449784897063,0.4253264870503587,0.30157941767000296,0.33926449606111575,0.35805422058401704,0.39163419981034303
3,fashion,140,0.5348794819771071,0.5395112255400208,0.36431747320308505,0.40527643489573634,0.37175152423440944,0.4585244393921376
3,fashion,141,0.26676560227330287,0.2611949971400285,0.30796527649401007,0.3113927674357916,0.34629694080846213,0.32685258669085476
3,landscape,0,0.3311913120880556,0.3178389023700615,0.24001080831989915,0.2112409317153363,0.375869163890921,0.3361062464046364
3,landscape,9,0.5384191323605556,0.6439761705916951,0.3317725647103003,0.3864805942601724,0.5490570499803541,0.6191907672955217
3,landscape,10,0.6866310415864678,0.6693693706711513,0.5699913862152384,0.5488330683043415,0.6405684615527567,0.6181978434363752
3,landscape,11,0.36819110067838806,0.42997553325094306,0.3211170697560896,0.3712648831247292,0.368437613198928,0.44290297124978095
3,landscape,24,-0.27304193402852045,-0.2679542281278862,0.17312961013346423,0.17908706719034728,0.18921563444029751,0.19300017218944507
3,landscape,28,0.29424395208762877,0.2940196596268507,0.299805010222083,0.3195948730026812,0.30167510056818264,0.34505952236836146
3,landscape,31,0.4103665889191563,0.2723005712146981,0.3554291778261738,0.21320339072805988,0.3983346302920819,0.24717961282081125
3,landscape,32,0.46278794327706274,0.551095067635065,0.4613883730985998,0.503794130872089,0.4950857166262075,0.5095999329696582
3,landscape,36,0.5953790660104388,0.63497815155529,0.42557584389751835,0.4294620237243191,0.570844760153819,0.5950454323791508
3,landscape,42,0.5012349384260784,0.5161747913862873,0.3660450641132311,0.403713129785345,0.4745594247418141,0.4777642785812174
3,landscape,47,0.5348780803721886,0.6355696115329548,0.49346913453228025,0.5383736351443666,0.5370833498190005,0.5926714155964184
3,landscape,54,0.19155164370429978,0.1611635209293786,0.2272077004591623,0.2351956048285567,0.2564955229054151,0.2595611646211971
3,landscape,55,0.590125208000841,0.6338998525718404,0.5384308363682146,0.570599824595962,0.5963396689107067,0.6273097821085521
3,landscape,59,0.5342015555231067,0.4864227036636355,0.44993719171784674,0.4391904133759672,0.49250076114848995,0.4720257569150356
3,landscape,60,0.7563627748087326,0.745551983196853,0.6263594053488869,0.593914775188313,0.7775047171392,0.696691190905465
3,landscape,67,0.4397635084148637,0.4617735726503886,0.36492330515438764,0.34774365926130013,0.4515152758689881,0.43629178311048056
3,landscape,68,0.4364987112116999,0.39574322310227505,0.3547470460270147,0.3668401409495835,0.3697218558150629,0.3801473034898774
3,landscape,75,0.48162586456390527,0.4959706562046695,0.34418500783586714,0.3405822012802985,0.41514763249479225,0.42741871237040274
3,landscape,76,0.37121139554742216,0.3830997190364952,0.3976570108401023,0.42749419919838794,0.44296656332107626,0.5010711090010983
3,landscape,82,0.4805424888337931,0.49192187513566343,0.4479118094992335,0.4608318444946251,0.5220908693529527,0.5276402417331055
3,landscape,84,0.5543285426835942,0.5844868360446892,0.4674500677903343,0.5102183083029012,0.5195873557180569,0.5624599637856059
3,landscape,88,0.723918169761002,0.7123530269413342,0.550569248380179,0.5635613689856179,0.675966847938374,0.6874795179148223
3,landscape,95,0.49614706775705647,0.5464084817205096,0.44325045430747145,0.465575821708473,0.4969885822888204,0.5185505926385974
3,landscape,96,0.6087805681819464,0.6021522109405323,0.40876470390163516,0.40895621693264816,0.5155528348309539,0.5286186680678886
3,landscape,107,0.314712895180782,0.21214738541412362,0.25257816734125516,0.23899938106056373,0.25397445336012087,0.25872445965573965
3,landscape,122,0.5703898241749333,0.6071315064733674,0.5592778843267514,0.5732395258917561,0.5668771450599693,0.559064419578663
3,landscape,123,0.6060614880227424,0.5904256250408492,0.551110594867271,0.5305693449552711,0.6065063944984525,0.6014306638326707
3,landscape,132,0.2777289576248535,0.36242588346109084,0.2693630771246568,0.3128533464765289,0.30351698732206167,0.33786499749595406
3,landscape,140,0.4434074192093354,0.3388532047233741,0.35539308778352546,0.26398461885044827,0.44380571915922024,0.32804910798486203
3,landscape,141,0.4703850416220287,0.45078035811629236,0.37001765356200883,0.3982114313036941,0.47829778195401157,0.4528076096316856
4,art,1,0.45640774058096323,0.4600795431253982,0.35546557053844896,0.3639865818303917,0.44646904105121865,0.4301583850582784
4,art,2,0.8180006618663481,0.7936234039511296,0.7265986699692889,0.699816221328433,0.769544201197402,0.749346883548924
4,art,12,0.5510474183055899,0.5349576738514792,0.42045908164259493,0.41525000230036013,0.5619592483710473,0.5574774075578132
4,art,13,0.32412540168884313,0.3550115779964858,0.43067832159126784,0.4647206829199241,0.4275634265251738,0.4860607147925102
4,art,26,0.4026210519990129,0.37567382335029076,0.4048239028182066,0.37698144701922276,0.4223966445804117,0.40091000646807456
4,art,29,0.3475416641552958,0.3412920582157564,0.3456094721059971,0.3537204255985045,0.3551288057101343,0.3318863898526014
4,art,34,0.6444649309079841,0.6332519159185725,0.5594995107569047,0.5672177050279267,0.6355886827204078,0.6246485447513603
4,art,38,0.6853796316085752,0.6726694797518162,0.5620877124577187,0.5377165719777787,0.630958764633366,0.6067160554525106
4,art,43,0.3576162847403568,0.34020302128475055,0.3076420780916222,0.31412885419485004,0.3491925650778888,0.35869898234856634
4,art,48,0.6134694427141607,0.6450552918363214,0.5568927834883842,0.577766406862794,0.6108220080536825,0.6299092108925625
4,art,49,0.5929323444184884,0.5321901458756438,0.4675796806134985,0.43833521780935064,0.507711921542858,0.47369431927830774
4,art,56,0.26164452757852713,0.2585467513280317,0.12170974421387053,0.20812378938506124,0.08740686880075298,0.19406198840220035
4,art,61,0.3508765398397775,0.39491583969860267,0.5313201669174721,0.5290378958820275,0.5260138864836459,0.5193198501962871
4,art,72,0.42627275296490735,0.4475881831615586,0.43365888905626704,0.4671461394156675,0.4429688095816786,0.47604296682048025
4,art,77,0.3617531027125178,0.39709821714822097,0.36459329257651707,0.3827723218797717,0.3506694349505695,0.39881321071505943
4,art,78,0.477526723140736,0.5285195467588967,0.5101599328186917,0.5257620561462637,0.5693076253599861,0.5649180412276604
4,art,89,0.5432191320779275,0.5358085601344812,0.37860605260302854,0.39073125150760557,0.5456876229869342,0.5416437835243871
4,art,90,0.4427162515168682,0.45242403199812514,0.3675367039323268,0.3493236550274528,0.32985724086006385,0.34999454927600687
4,art,97,0.4173622017894904,0.3856454487615325,0.3688284368894129,0.37392283737052046,0.41449425175911053,0.40772462466591464
4,art,103,0.680271135084703,0.7404128450016778,0.5183641085267086,0.5287376663585199,0.6833167526436145,0.6895284079421751
4,art,108,0.3803615326712553,0.403929951647696,0.24723747933810908,0.24593489725044812,0.23971864710851934,0.25674632763349386
4,art,114,0.516892434790295,0.5301261040984268,0.4488170535917491,0.46035724928348987,0.470823414112801,0.5066329514351283
4,art,115,0.3211329020878592,0.24512928241229362,0.24903699051418285,0.18936236950684887,0.23417798153362304,0.21209778533456414
4,art,124,0.5374439914144283,0.5730492493305913,0.4848620666903651,0.5242512491765557,0.5242659409070635,0.5534152488762614
4,art,134,0.54576089492675,0.5540205338411267,0.36623117382304793,0.3569142317528294,0.5697487609763282,0.57349885774955
4,art,135,0.4700429453090378,0.41880409018612724,0.03812357750715807,0.1037262841097883,0.017237260057440588,0.09952844340594783
4,art,142,0.5861308360509401,0.6253992453246469,0.4279396295091834,0.46135506220322,0.4816063754459191,0.5483011359530632
4,art,143,0.8108308526267797,0.810777626381741,0.7230083306654704,0.7106014375804016,0.7705699165198225,0.776249045266152
4,fashion,1,0.23272709870964045,0.2839850479356366,0.22736160044344683,0.22628981410697868,0.25083426677153614,0.2415511644068332
4,fashion,2,0.5327756783221532,0.5601033439077632,0.5103666591590013,0.5221385926338453,0.5441049597253502,0.5653446772593537
4,fashion,12,0.27684068617977226,0.3409822258185361,0.13553279982776303,0.15605325706807432,0.18077434303606207,0.22944273226024287
4,fashion,13,0.4310809478055565,0.40151934200069483,0.2995539878206071,0.29904189380808516,0.3567344575536395,0.3417655191040157
4,fashion,26,0.42072683423915846,0.4407859000689872,0.36786667230301606,0.39845840732251253,0.39715925342951214,0.40192910330201365
4,fashion,29,0.22476678788975016,0.15956676853590573,0.21094386658922243,0.14968662506291586,0.2652279584391308,0.17115159446021894
4,fashion,34,0.5138264142166149,0.5082400001558247,0.29829500336741954,0.3126683409839819,0.4373781159066087,0.4124902186706172
4,fashion,38,0.35737898183598965,0.33611602518615413,0.3054279445150436,0.3208903333992098,0.37778092591763596,0.38709011813042166
4,fashion,43,0.6245315148064657,0.6247352047797013,0.538955058089245,0.5206079113980984,0.5305483774570449,0.5316313649661969
4,fashion,48,0.3095139172970186,0.26434661035440066,0.418447057322636,0.38187657205463893,0.4762623857087457,0.4112919027193807
4,fashion,49,0.16184980927606357,0.17280655387849544,0.14352379941908838,0.12083151427775027,0.13794414826982412,0.1382443869674914
4,fashion,56,0.012219629806898866,-0.013091489189311934,0.018969520557376336,0.06067360839626207,0.03712439912762608,0.08394631736675487
4,fashion,61,0.3451848086673952,0.2884362123082446,0.23328247913100367,0.22257622724724868,0.26086523739970013,0.23158362397731297
4,fashion,72,0.16088325053027552,0.17724514239413608,0.15293948698811097,0.18234905354328518,0.1949209549803643,0.22379711880184996
4,fashion,77,0.46447170604616433,0.4680232231444815,0.3456107199525932,0.35763619671019625,0.44273425275460554,0.44979357052806584
4,fashion,78,0.5076778679936172,0.4849865440012712,0.307343636405226,0.2991352569788655,0.39720236932151876,0.4043036012350762
4,fashion,89,0.21613173894916285,0.16857397619521583,0.22419789954152392,0.25215395802171897,0.2326284654353714,0.2700292695456652
4,fashion,90,0.3030663744328336,0.32467658210453,0.2908636697125552,0.29429954423033217,0.3309861628328305,0.3379061673173547
4,fashion,97,0.49343357674398985,0.5049042001606233,0.40049916683718473,0.39879837314747,0.5076613535021104,0.5203263377233975
4,fashion,103,0.3775966177601538,0.38489906354165493,0.033237277881806235,0.023615201048986255,0.08895185079679314,0.08558565120454796
4,fashion,108,0.2942340966348017,0.349080522815141,0.3728831506075895,0.3779586274365988,0.42448093760884514,0.428603592235296
4,fashion,114,0.3538153617820192,0.4406874448623964,0.32099755700703,0.379264611796692,0.4457930561482746,0.5097627022905825
4,fashion,115,0.16630437453344749,0.19602286854760262,0.2782230460832686,0.31657542217143336,0.38059262774052405,0.4356799702533067
4,fashion,124,0.5189308995192397,0.5204147117435857,0.37976164785078004,0.39071725606309526,0.4387230242776,0.4542070774040632
4,fashion,134,0.3902951393833548,0.34692822007427954,0.270375024908042,0.26871690574966756,0.26548503949822233,0.29880866047293103
4,fashion,135,0.09467811800503213,0.12981491950505095,0.034548505639891224,0.05262595091797915,0.0905246910523801,0.10914713173541145
4,fashion,142,0.28600705545481736,0.3104071670521151,0.26536057238101274,0.27089614370247106,0.2811371233293008,0.3194466826223889
4,fashion,143,0.4551222150847149,0.45410423263137323,0.3011031438893418,0.34402703845136084,0.40352375608545854,0.4159774819591086
4,landscape,1,0.6037082665531065,0.6121555010239488,0.41401068137266384,0.4089072291274841,0.5145905188323849,0.5132356444799709
4,landscape,2,0.5775362582131003,0.5712481654482954,0.4355038563191579,0.4260183179620364,0.6178504752302328,0.5950829059270571
4,landscape,12,0.6876716529208603,0.6912048250635315,0.6943304453347068,0.6756945712713492,0.7408411014374819,0.7423085704136001
4,landscape,13,0.4963542366426558,0.5147992916744588,0.17312890404279113,0.2437985373138322,0.04765507952042795,0.1225668064597906
4,landscape,26,0.26730161174298817,0.2501922007325965,0.18130663977959252,0.14779612697648856,0.2678427081230347,0.22971317908443456
4,landscape,29,0.388499149004938,0.40026815416067674,0.09313203464697731,0.10606879995540455,0.19122514700465484,0.22685831510805826
4,landscape,34,0.613456933773365,0.5852065069250008,0.6227375997849847,0.5954984615997535,0.6426247412384558,0.6184631030925002
4,landscape,38,0.4737267859166429,0.4655797048609755,0.4275133082693097,0.40934885680352107,0.48495815506616197,0.4515164939555706
4,landscape,43,0.5015866786182278,0.5375890405847188,0.34084555333706307,0.3731411784297091,0.47805007973984875,0.5100407725152886
4,landscape,48,0.5764938875769363,0.565576365222463,0.392495571751794,0.3796382631913118,0.4298077650444691,0.4467508969212109
4,landscape,49,0.5433372296483462,0.5647235191078998,0.5153537689571466,0.5125616860777444,0.5356691639073413,0.5284972406541524
4,landscape,56,0.13174777673165947,0.10928664252617305,0.07205389556211919,0.05747279497805781,0.12326758748473314,0.09637389097595027
4,landscape,61,0.40149069763472384,0.39071409328034223,0.4707492510871824,0.4466915119032599,0.4686191639781906,0.47713426058085995
4,landscape,72,0.38010535547100505,0.398060165714794,-0.001381132717985098,0.012114736047685384,-0.053580113243819026,-0.04717740789876094
4,landscape,77,0.590297052858877,0.5405056256092745,0.45896538630728295,0.43452845564295073,0.413839715975899,0.39028161872233785
4,landscape,78,0.3246252387253516,0.32402479679268337,0.29667235496660443,0.2737615680266253,0.355459964476116,0.3381331264481572
4,landscape,89,0.4371915692000514,0.46129290593935557,0.3942175971423242,0.44876609406980894,0.4090127244079496,0.4679436856072744
4,landscape,90,0.5424851942846007,0.5095189968307745,0.4803083967147844,0.4308618044894402,0.5628010895859621,0.5352500296259468
4,landscape,97,0.6181833794191959,0.6393220276818943,0.6045519456214803,0.597885609716936,0.6564414129552368,0.6603427064969588
4,landscape,103,0.4912758139635401,0.4817733722311074,0.38291724150184453,0.38187076270680664,0.45911957886774474,0.4539261984350789
4,landscape,108,0.44990090092739693,0.40116410743534037,0.46881312020109195,0.3950108076679528,0.4829580476869157,0.41103710160138385
4,landscape,114,0.4459023678533378,0.41661338500757916,0.3656479202103987,0.32673259022672385,0.4594659379781542,0.41434840574200843
4,landscape,115,0.25206523796184793,0.2732218174772775,0.18546234137760806,0.18567448553149077,0.24655533388382594,0.23199655149090215
4,landscape,124,0.46135474817158373,0.4676389140549044,0.40983853701382367,0.39992693320947564,0.5812683009049913,0.5589850224981628
4,landscape,134,0.4455309346789518,0.42674346407685665,0.2505051369115496,0.23216292219350607,0.424600949770289,0.37274038543953303
4,landscape,135,0.43717115530241585,0.5430355582609565,0.3131556824374019,0.33934494463683473,0.41027318338731966,0.4725220510356306
4,landscape,142,0.4493767225208681,0.44194199939833234,0.42937131316726446,0.39866381972677994,0.4649221374356594,0.45073212875173474
4,landscape,143,0.6852411757166758,0.6803989017712907,0.6170319162448561,0.6081853362732261,0.6720471220087622,0.6707614290727107
