n_train,mediator,head,fold,domain,user_id,ccc,srocc,plcc,eff_dof
25,emotion,ridge,0,art,3,-2.637973224121346e-07,-0.022392101734851642,-0.015875160720619366,0.00017498567186333778
25,emotion,ridge,0,art,14,5.908781845332044e-05,0.528002884837182,0.535577643777613,0.00017498627240556528
25,emotion,ridge,0,art,15,-9.681083935667953e-06,-0.27300602217029196,-0.20496395214165752,0.00017498697839040712
25,emotion,ridge,0,art,19,0.00010115960962733737,0.6600645968209138,0.651270974443643,0.00017498727185105372
25,emotion,ridge,0,art,21,4.3994389210694225e-05,0.5032762371754161,0.4873216985774334,0.00017498690947413966
25,emotion,ridge,0,art,22,4.238271222941931e-05,0.3269870990770227,0.3453011947829494,0.0001749869913889031
25,emotion,ridge,0,art,30,-6.103624512121961e-06,-0.09989492188233019,-0.09537692723365575,0.00017498773544883574
25,emotion,ridge,0,art,50,2.9843729708267927e-05,0.4373027089759034,0.47096705461185256,0.00017498760272804373
25,emotion,ridge,0,art,57,1.8552626013405842e-05,0.4331414855988833,0.4537515123297238,0.0001749864468067558
25,emotion,ridge,0,art,62,2.5021615532150027e-05,0.47176093792293156,0.4441700769664322,0.00017498642086066313
25,emotion,ridge,0,art,63,1.6530528366388716e-05,0.12165682454544181,0.15447190890913445,0.0001749843053056736
25,emotion,ridge,0,art,79,3.2486952377218545e-05,0.4503092975316952,0.4742174207040487,0.00017498634765302217
25,emotion,ridge,0,art,80,6.551370383098867e-05,0.5677173174601121,0.5621117306779383,0.0001749866018008223
25,emotion,ridge,0,art,85,1.9041260895181953e-05,0.18588619144510976,0.22053343144203708,0.00017498694306865758
25,emotion,ridge,0,art,86,4.845365067037577e-05,0.6461712173845011,0.6625452241551217,0.00017498747797390908
25,emotion,ridge,0,art,98,3.829543824473909e-05,0.41684115856785964,0.40466725717116736,0.00017498697808680778
25,emotion,ridge,0,art,99,0.00012756616065425202,0.717678247330464,0.7200589778904906,0.0001749844231935028
25,emotion,ridge,0,art,105,3.78705804900836e-06,0.2791357251231168,0.270130073198789,0.00017498665271562745
25,emotion,ridge,0,art,109,3.061732926381303e-05,0.5743819738856659,0.5422355314376759,0.00017498392838020412
25,emotion,ridge,0,art,110,4.2546665130875604e-05,0.3523254538226512,0.3678908006038505,0.00017498568489927424
25,emotion,ridge,0,art,116,6.187126202737661e-05,0.5754933300551247,0.604490338781517,0.0001749878403177022
25,emotion,ridge,0,art,117,6.546775030332391e-05,0.6728714683143295,0.730059082933985,0.00017498651663054953
25,emotion,ridge,0,art,126,4.2071807343640364e-05,0.36476151466783374,0.38273534584165675,0.00017498619095814
25,emotion,ridge,0,art,127,7.633274308335341e-05,0.5260389768117827,0.5580520505990141,0.00017498565533889413
25,emotion,ridge,0,art,136,3.8370967678683955e-05,0.3810511195213709,0.4084635034544374,0.0001749863705437145
25,emotion,ridge,0,art,144,7.13252168728207e-05,0.6822786432322816,0.6903524485332244,0.00017498638306091455
25,emotion,ridge,0,fashion,3,0.10661962982479374,0.4531628158919345,0.4833088192843499,0.43522724242767824
25,emotion,ridge,0,fashion,14,0.16825971566728515,0.5146983477911365,0.5915104668759167,0.44550193126917337
25,emotion,ridge,0,fashion,15,-0.0037300569640343426,-0.11399212619282084,-0.14926642696155465,0.4253999640820716
25,emotion,ridge,0,fashion,19,0.0989423719763426,0.38232911835416034,0.4510036126298673,0.4510473672500722
25,emotion,ridge,0,fashion,21,0.0385363536640894,0.25442758088637124,0.2588929167023031,0.44196643731817276
25,emotion,ridge,0,fashion,22,0.06450056091476479,0.38147488954553893,0.3486174894163617,0.4267041034431252
25,emotion,ridge,0,fashion,30,0.1668243460335267,0.6144894044254519,0.5810138456540779,0.43721261461334804
25,emotion,ridge,0,fashion,50,0.002653675516069851,-0.046166008655650785,0.034389914939760624,0.4542600974953033
25,emotion,ridge,0,fashion,57,0.05921690606074632,0.21297823613060266,0.19652464172112125,0.4442553427001831
25,emotion,ridge,0,fashion,62,0.01609717942337164,0.20848859611264572,0.16526628427625653,0.43858788248196556
25,emotion,ridge,0,fashion,63,0.08593988611144586,0.29157141105231066,0.3217243129617453,0.4362635221048103
25,emotion,ridge,0,fashion,79,0.20264200906565094,0.4362678440714232,0.5101024706091792,0.43879641271793624
25,emotion,ridge,0,fashion,80,0.1107695564012581,0.34226880826313233,0.3606010718985971,0.44095757812976705
25,emotion,ridge,0,fashion,85,0.09565556298418323,0.46197359124908216,0.4547421708988691,0.44077102962260173
25,emotion,ridge,0,fashion,86,-0.0039312661123691636,-0.10977341493817105,-0.1164177841585144,0.411436580340035
25,emotion,ridge,0,fashion,98,0.09508661065131063,0.31321502726204903,0.3577492013022242,0.4369838459478739
25,emotion,ridge,0,fashion,99,0.10084491873524244,0.4135332257845836,0.47039410135710497,0.4267872434831213
25,emotion,ridge,0,fashion,105,0.032474825856924995,0.08821290272031684,0.11141794614713568,0.450632969257888
25,emotion,ridge,0,fashion,109,0.1287400699714132,0.5253391780231387,0.5927702396366976,0.4254231305080739
25,emotion,ridge,0,fashion,110,0.0746024255106763,0.35246778920418453,0.38366180569041386,0.4186082203069922
25,emotion,ridge,0,fashion,116,-0.002907687130240326,-0.13676275005182836,-0.1258162348992315,0.4507077729647647
25,emotion,ridge,0,fashion,117,0.12328108334100156,0.5080343680184072,0.5546523884094476,0.4342681742879972
25,emotion,ridge,0,fashion,126,0.0902792193838308,0.23610171180142536,0.3983096810849743,0.4423024441037859
25,emotion,ridge,0,fashion,127,0.12058755733609171,0.5119190189211085,0.49460798731903954,0.4199053710830182
25,emotion,ridge,0,fashion,136,0.11601509371059655,0.39711861646962576,0.43864146707298685,0.45488772524260884
25,emotion,ridge,0,fashion,144,0.15485088300204786,0.577286918087313,0.5158065419241362,0.4348629042886517
25,emotion,ridge,0,landscape,3,0.13433082436599283,0.43037047429276254,0.4919452528579292,1.0388441949572291
25,emotion,ridge,0,landscape,14,0.1251114229423104,0.34643911414153294,0.36162505102652537,1.063721528430591
25,emotion,ridge,0,landscape,15,-0.022473600057103426,-0.047209442832944336,-0.06964135928680938,1.0104313808169538
25,emotion,ridge,0,landscape,19,0.2028666745033832,0.43471677437160355,0.46312328312181944,1.0178017422736827
25,emotion,ridge,0,landscape,21,0.12588838039659112,0.5228801886479549,0.47931572396806366,1.0301369674169165
25,emotion,ridge,0,landscape,22,0.19938030618739305,0.4134881434685976,0.4284442727945147,0.9564580923404239
25,emotion,ridge,0,landscape,30,0.18984699881375128,0.42318166988406697,0.44383245617401507,1.060857669754128
25,emotion,ridge,0,landscape,50,0.19669484293480638,0.4130333365143748,0.39808190179188674,1.0616189119325004
25,emotion,ridge,0,landscape,57,0.10760719705396664,0.4346700362181844,0.4061516892587849,1.0259882883703435
25,emotion,ridge,0,landscape,62,0.14572641795808133,0.3627759645406566,0.4398385959620507,1.0798609170000786
25,emotion,ridge,0,landscape,63,0.012002840146522179,0.07622203132973751,0.10305998967488231,1.0235381829335288
25,emotion,ridge,0,landscape,79,-0.005736165516097747,-0.12951051791241103,-0.04654047464628554,1.009887816730869
25,emotion,ridge,0,landscape,80,0.29720732735282857,0.7046438920803504,0.6847763025450891,0.9540198863639722
25,emotion,ridge,0,landscape,85,0.051065668668951424,0.3260429112328495,0.28931461214846554,0.9562173657879475
25,emotion,ridge,0,landscape,86,0.17000458179550457,0.49622666710246055,0.44808217230086367,1.004542014145934
25,emotion,ridge,0,landscape,98,0.12320782675184906,0.4330243409297617,0.4487527516334249,1.0358955176627593
25,emotion,ridge,0,landscape,99,0.26914670312008704,0.5909789035125439,0.5523229305975413,1.0234596718128612
25,emotion,ridge,0,landscape,105,0.06977786008602524,0.31796148983408734,0.33840504515485853,1.1172721718647496
25,emotion,ridge,0,landscape,109,0.19963334469832847,0.3859748799305263,0.4111491008249573,1.0439419000823047
25,emotion,ridge,0,landscape,110,0.4466293265457793,0.7484726090001402,0.7109584376553661,0.9688943825473871
25,emotion,ridge,0,landscape,116,0.16142017693385244,0.41674234256729786,0.45042485840581437,1.0410431112053657
25,emotion,ridge,0,landscape,117,0.3214676023957466,0.5863464401083093,0.5527024635102423,0.971932628879578
25,emotion,ridge,0,landscape,126,0.14041859483466804,0.23492810749147006,0.26466908482277385,0.9710251407475368
25,emotion,ridge,0,landscape,127,0.1680206984257832,0.2662202743765355,0.3161643926356365,1.0056050258165683
25,emotion,ridge,0,landscape,136,0.11927341433191249,0.5151667980701053,0.5886119705419638,1.0341810320805562
25,emotion,ridge,0,landscape,144,0.36423330374509105,0.5238731397677104,0.5141587858591586,1.0632612785930264
25,emotion,ridge,1,art,5,0.05561501728854265,0.1828083224606589,0.22889711154283846,1.0508214544950008
25,emotion,ridge,1,art,6,0.5005797897029463,0.7183147623442355,0.6951580298073102,0.9921373655531077
25,emotion,ridge,1,art,16,0.190216405317083,0.4614566722469488,0.47507558018652823,1.058683402159156
25,emotion,ridge,1,art,17,0.08071596552612309,0.16030863447496438,0.1656275866663298,1.040745855234676
25,emotion,ridge,1,art,23,0.0464514764699388,0.14016895495062903,0.14827900791669404,1.0495681475870868
25,emotion,ridge,1,art,35,0.06632262677608017,0.3014176578267949,0.20970206613274914,1.094405669398126
25,emotion,ridge,1,art,39,0.41633791730378766,0.7229489899913997,0.7330140527238821,0.9664909437106962
25,emotion,ridge,1,art,44,0.33847078334523617,0.7074731482341563,0.662750332747586,1.047908681007823
25,emotion,ridge,1,art,51,0.17135558594512504,0.4448457183275281,0.5076493221737781,1.0808215386347604
25,emotion,ridge,1,art,64,0.07735276937706231,0.3261000472904407,0.3478262965474419,1.0775537162957
25,emotion,ridge,1,art,69,0.12485188881157445,0.27407012681936377,0.2670509457698115,1.0018589985740238
25,emotion,ridge,1,art,81,0.10533851591089124,0.2970189906606228,0.42140641794289724,1.052138419200656
25,emotion,ridge,1,art,92,0.18382673258832893,0.37805210382783455,0.4361330049870095,1.0228658765764138
25,emotion,ridge,1,art,100,0.409736150414679,0.5840347539051239,0.5930493295528276,0.9867280758885852
25,emotion,ridge,1,art,101,0.3414369823933451,0.5806309502302484,0.5732630283445423,1.0279398280796717
25,emotion,ridge,1,art,106,0.2449147690484856,0.45843934668226083,0.4621678591871498,1.0772970251655736
25,emotion,ridge,1,art,111,0.3782979637248397,0.5587210421407038,0.5803768238674939,1.0769192306270075
25,emotion,ridge,1,art,118,0.30245481823967496,0.5780224742805794,0.5277299509112825,1.025877494104077
25,emotion,ridge,1,art,119,0.3238329556252126,0.5306733163635181,0.5392611869530415,1.0201577121733403
25,emotion,ridge,1,art,128,0.24255251496986557,0.620894267903396,0.5605522734918095,1.0853829884908528
25,emotion,ridge,1,art,129,-0.00443528665707688,-0.026042826625827433,-0.032190176306118624,1.0818444535470806
25,emotion,ridge,1,art,137,0.07238297248347268,0.2896825397127202,0.21412261519694636,1.0549782830599903
25,emotion,ridge,1,fashion,5,0.19765158400131902,0.1796731539272135,0.21684125265367443,3.696833277136647
25,emotion,ridge,1,fashion,6,0.22956149852032046,0.38196092773747925,0.4111124907396231,4.006651041093198
25,emotion,ridge,1,fashion,16,0.2676319395653383,0.2960328724141116,0.27801341219982356,3.81145713908022
25,emotion,ridge,1,fashion,17,0.1740332837259644,0.10256762162307569,0.1902562185039719,3.9897732657338425
25,emotion,ridge,1,fashion,23,0.27636989510890786,0.42390293032040444,0.4067270503395924,3.8893715210613276
25,emotion,ridge,1,fashion,35,0.26231960796699205,0.21293093042553493,0.26853091510222593,3.627333048681465
25,emotion,ridge,1,fashion,39,0.2952342296459778,0.2738973251635669,0.30154696382226076,3.656907931036123
25,emotion,ridge,1,fashion,44,0.006356887370357588,0.07505903996743896,0.01977080770346481,3.8716723416480825
25,emotion,ridge,1,fashion,51,0.37463569849876543,0.41982784909160636,0.429751193326089,4.0810377217695315
25,emotion,ridge,1,fashion,64,0.031779492100978565,0.08080027934509654,0.09996165398526358,3.6749473385139066
25,emotion,ridge,1,fashion,69,0.15533653375286996,0.34715919247837856,0.27922612238902117,3.6971263736827527
25,emotion,ridge,1,fashion,81,0.19966075741302744,0.21249738035871146,0.2726170981667017,3.81389623606153
25,emotion,ridge,1,fashion,92,0.09729066247837967,0.0688728212152144,0.13013957551936584,3.759488680056724
25,emotion,ridge,1,fashion,100,0.36475586145526234,0.45143244818144523,0.5309413262402515,3.5058610012670868
25,emotion,ridge,1,fashion,101,0.23991398266122818,0.2667831943983294,0.24242736644933968,4.02070137148759
25,emotion,ridge,1,fashion,106,-0.05331893341604791,-0.05531655715968681,-0.06186138854042319,3.691019037462109
25,emotion,ridge,1,fashion,111,0.05943598276270175,0.16702804719354236,0.1656029642778947,3.731831519693385
25,emotion,ridge,1,fashion,118,0.3042633230061338,0.34803037936771375,0.38726574120379725,3.4096902670245894
25,emotion,ridge,1,fashion,119,0.41857635758475875,0.5406111943595173,0.5346150912469432,4.138414108147103
25,emotion,ridge,1,fashion,128,0.21075401220240092,0.2910082721193303,0.28968432404079636,3.4564393771015096
25,emotion,ridge,1,fashion,129,-0.0041751971204823535,-0.05973372547532213,-0.005420494880286711,4.003872391118116
25,emotion,ridge,1,fashion,137,0.16541270836628752,0.2051520449836699,0.21905279846144754,3.609979644047353
25,emotion,ridge,1,landscape,5,0.04358723127538469,0.5406302849561799,0.5329574471507523,0.16363275955599368
25,emotion,ridge,1,landscape,6,0.0436376773778279,0.5488601092414878,0.5579762115027798,0.1616621760344844
25,emotion,ridge,1,landscape,16,0.06053077584672888,0.5445711297879073,0.5656811564886322,0.16228331334274182
25,emotion,ridge,1,landscape,17,0.005234716320730135,0.07390365147712138,0.1470196825553178,0.1623196249226224
25,emotion,ridge,1,landscape,23,0.07406304758563823,0.6100623428061024,0.5898610248068665,0.1635218644310276
25,emotion,ridge,1,landscape,35,0.007886408639106961,0.31507325011029974,0.3351099909896038,0.1632106397676278
25,emotion,ridge,1,landscape,39,0.14496306468463668,0.7560516827480366,0.7529734303029636,0.1596219464860985
25,emotion,ridge,1,landscape,44,0.008393710872814127,0.3562863991118092,0.2774805903335766,0.16216986643470097
25,emotion,ridge,1,landscape,51,0.04994452707807435,0.685183692488466,0.648685323312484,0.1617872644356436
25,emotion,ridge,1,landscape,64,0.04239551814760765,0.2921720469718597,0.33489313433330103,0.16231918559292266
25,emotion,ridge,1,landscape,69,0.02896832917013573,0.38336517571460554,0.37302760034242965,0.16269967319072215
25,emotion,ridge,1,landscape,81,0.03427931103200444,0.47002252709320275,0.4497936957054182,0.16135879526514757
25,emotion,ridge,1,landscape,92,0.01603518276347328,0.46106636450514227,0.40832344897823325,0.16406492275482806
25,emotion,ridge,1,landscape,100,0.07478172176727411,0.5213988478065182,0.4898440025402936,0.16068327802219504
25,emotion,ridge,1,landscape,101,0.011937834974577632,0.14266262562708845,0.13430488232192386,0.16207502624021267
25,emotion,ridge,1,landscape,106,0.014275780036419196,0.22844061656199657,0.24746081568412476,0.16306118676180384
25,emotion,ridge,1,landscape,111,0.015977475092071303,0.38852607807384704,0.409300345290479,0.16125206717576482
25,emotion,ridge,1,landscape,118,0.07706519132964658,0.6313715042529917,0.6148799303615219,0.1621068816580666
25,emotion,ridge,1,landscape,119,0.14629428483174625,0.6426311679181073,0.6607910553835749,0.16207884076217496
25,emotion,ridge,1,landscape,128,0.018626489857581936,0.45538283778775435,0.43153415945531587,0.1632622979575969
25,emotion,ridge,1,landscape,129,0.059394977187391645,0.5508843406621133,0.5955111168642987,0.16260655479428393
25,emotion,ridge,1,landscape,137,0.06188814733441326,0.4306579180150943,0.4756202748950901,0.16348896172814642
25,emotion,ridge,2,art,7,0.004969627968277748,0.35146338072668337,0.3823990253353573,0.01737283428927793
25,emotion,ridge,2,art,8,0.0075891558800389005,0.5239416489249031,0.5262292339463623,0.017372994897931877
25,emotion,ridge,2,art,40,0.001844329350997446,0.18566578840747625,0.2012111553584233,0.017382339082698286
25,emotion,ridge,2,art,41,0.00900986971587426,0.5515908211425489,0.5930313262466459,0.01737339144553706
25,emotion,ridge,2,art,45,0.000529341201292694,0.1162031747537617,0.06479234603538375,0.017362025536041454
25,emotion,ridge,2,art,46,0.0004950812488461508,0.08538612845555008,0.12802177463881334,0.01736027279354433
25,emotion,ridge,2,art,52,0.006095373713199279,0.6352270038752628,0.6471569318972649,0.017359861321807293
25,emotion,ridge,2,art,58,0.005316138426779414,0.6186128593353759,0.6465898741137296,0.017380414799553115
25,emotion,ridge,2,art,65,0.005702732245898174,0.5978544241130826,0.606572943292809,0.017374115844086532
25,emotion,ridge,2,art,66,0.005459042453544333,0.4373615754488709,0.4524432655154264,0.017350791365534315
25,emotion,ridge,2,art,74,0.0024861075134635442,0.4573509942259652,0.4481544599411862,0.0173755834171218
25,emotion,ridge,2,art,83,0.0032563713305256764,0.5923466942901412,0.5570861373787086,0.017363596924272334
25,emotion,ridge,2,art,87,0.006825617906919681,0.5593300176573351,0.5449085214865741,0.017378437560823
25,emotion,ridge,2,art,93,0.01215953281976178,0.6734715977245442,0.649108927190497,0.017366665843603264
25,emotion,ridge,2,art,94,0.0049344978088625546,0.6429209944634096,0.6543282122460761,0.017377771804176854
25,emotion,ridge,2,art,102,0.004442050985834728,0.2949782110016967,0.3159790157438718,0.01736080713472398
25,emotion,ridge,2,art,112,0.0017375321569914983,0.4949914660796253,0.4523214883428728,0.017367282990758428
25,emotion,ridge,2,art,113,0.0023931903518621465,0.4178423012009884,0.3981059803271604,0.01736382211646549
25,emotion,ridge,2,art,120,0.010653764284793343,0.7010621980875603,0.6725322504727391,0.017369151723907048
25,emotion,ridge,2,art,121,0.0036939355621067958,0.3369328719813852,0.34317804806267244,0.01737450052209038
25,emotion,ridge,2,art,131,0.0029051408471324268,0.39423076269263646,0.40262831455588877,0.01736301391526715
25,emotion,ridge,2,art,138,0.0050316754100793205,0.47685255920550035,0.4788572368267284,0.017370224602035522
25,emotion,ridge,2,art,139,0.0018759836771676164,0.3644281896026349,0.36837375367657227,0.017349205151786916
25,emotion,ridge,2,fashion,7,0.0009859012396028106,0.36302000353824493,0.4171067536459419,0.005519404769782228
25,emotion,ridge,2,fashion,8,0.0009918864296989565,0.34866484239664153,0.3633946092191428,0.005518003171879864
25,emotion,ridge,2,fashion,40,0.00015402786069768727,0.02447726829645305,0.1159051043216083,0.005520422244067285
25,emotion,ridge,2,fashion,41,0.0009713671953657108,0.3001422427734901,0.31667741811154615,0.0055194859281617065
25,emotion,ridge,2,fashion,45,-0.0001429198405183108,-0.07627138397953565,-0.15176388321653786,0.005518958533774037
25,emotion,ridge,2,fashion,46,0.000372789656872418,0.21175012351788636,0.14476455425333606,0.005519273694062917
25,emotion,ridge,2,fashion,52,0.0017099025649816133,0.40421813344905,0.4695238569146092,0.005519221128272881
25,emotion,ridge,2,fashion,58,0.0008810154772829227,0.33333827909972513,0.3638529031919334,0.005523178570696575
25,emotion,ridge,2,fashion,65,-0.00015891860740237566,-0.21399988419704047,-0.2996805102439926,0.005517250871537577
25,emotion,ridge,2,fashion,66,0.00039358531880590296,0.355592669583573,0.31390422049156746,0.00552330487180697
25,emotion,ridge,2,fashion,74,3.6056297032452517e-06,-0.0392628416388394,0.003875056404537767,0.005517864134604823
25,emotion,ridge,2,fashion,83,0.000591828796417589,0.3980277190018278,0.3933269617532825,0.005521915578669891
25,emotion,ridge,2,fashion,87,0.00018430677433195592,0.29475619124225816,0.28202848060733815,0.005521959267687074
25,emotion,ridge,2,fashion,93,0.0015366230958276314,0.5390120818028913,0.5537487680282517,0.005519869853639866
25,emotion,ridge,2,fashion,94,0.0012756817504490793,0.28402019819319546,0.36315728953889886,0.005518199754652116
25,emotion,ridge,2,fashion,102,0.0013737824321863506,0.3066083769437133,0.3713295321270699,0.005521787133395639
25,emotion,ridge,2,fashion,112,0.0010850707491000789,0.5032669833970645,0.559254884432219,0.0055214698843702005
25,emotion,ridge,2,fashion,113,0.0010731488023972403,0.4402442449232957,0.4112099568856823,0.005518985250128999
25,emotion,ridge,2,fashion,120,0.0016410114604949342,0.2627572546063763,0.3248239178108012,0.005517542372416059
25,emotion,ridge,2,fashion,121,0.0018474997878506509,0.3369809248152458,0.4025328194367564,0.00551749804943413
25,emotion,ridge,2,fashion,131,0.0005345777660447277,0.20441950138036744,0.14996071760526164,0.005518817107819967
25,emotion,ridge,2,fashion,138,0.003101388425206759,0.6143679130137674,0.579500855355478,0.005517235215847406
25,emotion,ridge,2,fashion,139,0.000292244584718655,0.1576632353448076,0.18140354326570055,0.005519500542747217
25,emotion,ridge,2,landscape,7,-0.00670025694499207,0.004972721678261273,-0.022014715871459,1.0121778135594313
25,emotion,ridge,2,landscape,8,0.17993989437544336,0.4354296975994889,0.4148368221798612,0.9792503736863883
25,emotion,ridge,2,landscape,40,0.05389547755946661,0.1473253975579844,0.13774089815299528,1.0033997299039454
25,emotion,ridge,2,landscape,41,0.17642016654430268,0.4878629572128527,0.5010168423525341,1.028907371172898
25,emotion,ridge,2,landscape,45,0.17181565739023077,0.40642172029166107,0.45374774209471946,1.0251886250185636
25,emotion,ridge,2,landscape,46,0.04336807347377565,0.18825098707247545,0.205285682420507,0.9944591618159475
25,emotion,ridge,2,landscape,52,0.2934418937822635,0.4331750523897055,0.463848893320682,0.9422293059504294
25,emotion,ridge,2,landscape,58,0.25536509410137664,0.4501264490946345,0.5110686477711167,1.0532931168044266
25,emotion,ridge,2,landscape,65,0.15690708807193313,0.26557576880145234,0.2810482553527585,1.01090259920356
25,emotion,ridge,2,landscape,66,0.22344964978066406,0.5216153823709381,0.565417247165473,0.9906664041596462
25,emotion,ridge,2,landscape,74,0.21255672117677255,0.31642620568780877,0.3383960883774903,0.9669812946413454
25,emotion,ridge,2,landscape,83,0.2863905214527715,0.5421355587672454,0.5579452332421891,1.028033057476033
25,emotion,ridge,2,landscape,87,0.12876696420254138,0.5433297876244673,0.5060244479608611,1.0768937470231377
25,emotion,ridge,2,landscape,93,0.42687784991760763,0.7250982059897472,0.6975192898783067,1.0781828963008857
25,emotion,ridge,2,landscape,94,0.21906900838026416,0.5158351124700793,0.49527438059077117,1.028176453948964
25,emotion,ridge,2,landscape,102,0.1523039005789604,0.6460615625854693,0.6194792553126798,1.0033455008271093
25,emotion,ridge,2,landscape,112,0.3742252555308625,0.5161585755385267,0.5828047384378789,1.0510260416194865
25,emotion,ridge,2,landscape,113,0.07653918509523501,0.35552729330329347,0.359955991553015,1.0675531393636908
25,emotion,ridge,2,landscape,120,0.3861115011010056,0.6145356161587427,0.5861557520436304,1.0024201209038563
25,emotion,ridge,2,landscape,121,0.3945839104555278,0.734837195714361,0.6761125804249758,1.0505979939419214
25,emotion,ridge,2,landscape,131,-0.11559084857132296,-0.2567620905112258,-0.2908468159457137,1.0132863057101529
25,emotion,ridge,2,landscape,138,0.3165425024698001,0.760203022511702,0.7951288876127202,1.0030805390554018
25,emotion,ridge,2,landscape,139,0.20670801331675062,0.5561336199718026,0.497327037139511,1.0169653633183136
25,emotion,ridge,3,art,0,3.143542844680018e-05,0.31250754884439774,0.3988499643607019,0.00017498570519918237
25,emotion,ridge,3,art,9,6.200723927332859e-05,0.49211678697537836,0.47263622294901175,0.0001749867949451641
25,emotion,ridge,3,art,10,8.051646732686956e-05,0.5601364660851139,0.5279127012759296,0.00017498634272972803
25,emotion,ridge,3,art,11,4.515794191317391e-05,0.6028655768381629,0.6210779841253965,0.00017498274679120427
25,emotion,ridge,3,art,24,5.80978324208337e-05,0.6600476493172852,0.6714752091712822,0.00017498464263066701
25,emotion,ridge,3,art,28,3.4600647320941506e-05,0.6178616129400837,0.5995537114946528,0.00017498483026392282
25,emotion,ridge,3,art,31,6.215457468576213e-05,0.6212278466377373,0.6352135755614381,0.000174985903589559
25,emotion,ridge,3,art,32,3.0900511233508196e-05,0.36543179434335704,0.3700767733588075,0.00017498661409534767
25,emotion,ridge,3,art,36,6.167271576647359e-05,0.48945769604494865,0.5177852193500475,0.00017498633340084203
25,emotion,ridge,3,art,42,2.4387061542692738e-05,0.4655393285888591,0.48579286377165404,0.0001749847816567915
25,emotion,ridge,3,art,47,6.659038383259295e-05,0.46393383624012524,0.4893526413572074,0.00017498481495761145
25,emotion,ridge,3,art,54,2.363855855609896e-05,0.19450661288875395,0.2494400335029944,0.00017498459672690318
25,emotion,ridge,3,art,55,1.3283049412773137e-05,0.30033933588520123,0.2666324079899081,0.00017498656999645373
25,emotion,ridge,3,art,59,1.568207909076681e-05,0.5267789810561367,0.5282503590662323,0.00017498665651716325
25,emotion,ridge,3,art,60,0.00010420151849787802,0.6590865417958122,0.6312726407632101,0.0001749839958021777
25,emotion,ridge,3,art,67,2.3396127363632405e-05,0.3874286396898467,0.375032818788424,0.00017498528986172743
25,emotion,ridge,3,art,68,5.968755245229286e-05,0.6271713226252434,0.6486221210509036,0.00017498508642754316
25,emotion,ridge,3,art,75,4.034449241480563e-05,0.3703939860853175,0.3841626651861976,0.00017498672857125397
25,emotion,ridge,3,art,76,6.003446158624306e-05,0.5242629511940698,0.5089671887144654,0.00017498531327775495
25,emotion,ridge,3,art,82,8.065480909634232e-05,0.5692406958623891,0.580100428865757,0.00017498525093470257
25,emotion,ridge,3,art,84,4.407639212379504e-05,0.2860406493688229,0.26998294056794797,0.00017498387936166297
25,emotion,ridge,3,art,88,9.569426357850515e-05,0.494265819947181,0.5272437465446698,0.00017498599600847167
25,emotion,ridge,3,art,95,5.7177526073965455e-05,0.33370440923452105,0.39206814825885444,0.00017498690794653718
25,emotion,ridge,3,art,96,8.001764704168056e-05,0.5967836046789275,0.652402552120624,0.00017498522765552153
25,emotion,ridge,3,art,107,3.184013565164035e-05,0.43612255322682925,0.44356554653388763,0.00017498473538500253
25,emotion,ridge,3,art,122,4.783166825652473e-05,0.6821276129773592,0.6983498826385646,0.0001749870978585036
25,emotion,ridge,3,art,123,4.5206715590346026e-05,0.38982174693305033,0.45561194394404547,0.00017498655528005265
25,emotion,ridge,3,art,132,0.00010481911910862848,0.5518026844089736,0.6060893527418375,0.00017498428112834157
25,emotion,ridge,3,art,140,4.5884170080890584e-05,0.5601570728922405,0.5389882995121091,0.00017498667593037956
25,emotion,ridge,3,art,141,9.069991880627357e-05,0.5047717183638029,0.5100602449500754,0.00017498526331744755
25,emotion,ridge,3,fashion,0,0.04621581199784392,0.22373725913870385,0.25109794524039114,0.9977669728607993
25,emotion,ridge,3,fashion,9,0.0728070299868181,0.09580276694708798,0.16164916180573857,0.9248340866303657
25,emotion,ridge,3,fashion,10,0.3585472092936886,0.45133429766934346,0.4762778431610697,1.1183813584997988
25,emotion,ridge,3,fashion,11,0.305923658453206,0.5161049067694695,0.49386646934337114,1.0831780656422612
25,emotion,ridge,3,fashion,24,0.08583602194320411,0.3993739784848694,0.4324881701362542,0.9728971402306998
25,emotion,ridge,3,fashion,28,0.13845796923360465,0.401188222094602,0.38715865328965626,1.0805160311090383
25,emotion,ridge,3,fashion,31,-0.021185270402385877,-0.16644562994115022,-0.1425728373801252,1.0433253836579133
25,emotion,ridge,3,fashion,32,0.020744178319201834,0.2395402918603261,0.2222211248331264,1.012977373991848
25,emotion,ridge,3,fashion,36,0.037316219188137704,0.3452418275162076,0.41765903112790553,0.9792230477377492
25,emotion,ridge,3,fashion,42,0.0038113133125841155,0.00749545187481115,0.04150668168365786,1.064980662889734
25,emotion,ridge,3,fashion,47,-0.07753098675068497,-0.2856165930906611,-0.3402091435102315,1.0353190279075628
25,emotion,ridge,3,fashion,54,0.027975252966912938,0.012835569514494029,0.10023997717316249,0.9234317106068767
25,emotion,ridge,3,fashion,55,0.14276484500687714,0.2413793449416562,0.36133382413692333,0.9647676800959517
25,emotion,ridge,3,fashion,59,0.25022680046893103,0.2035638182560377,0.41723175154785963,0.9413412151309497
25,emotion,ridge,3,fashion,60,0.2655845518687491,0.431177908136233,0.44010280380089567,0.9799637640577366
25,emotion,ridge,3,fashion,67,0.010167762065086771,0.007826388763937927,0.045455351856391976,1.0450408388054477
25,emotion,ridge,3,fashion,68,0.16934399051252574,0.30695517501755126,0.3294922725161559,0.9910517338410038
25,emotion,ridge,3,fashion,75,0.11332876254792075,0.3673471386818718,0.45382420167692367,1.0330549504307323
25,emotion,ridge,3,fashion,76,0.1690410409121893,0.25613880586391885,0.2710743799249403,0.978465312151047
25,emotion,ridge,3,fashion,82,0.05824161320468426,0.20347319426211125,0.26037047197674634,0.9926982643219792
25,emotion,ridge,3,fashion,84,0.07375387972903213,0.27472735449121466,0.2644583932019797,0.9556441966730043
25,emotion,ridge,3,fashion,88,0.048770002320054774,0.1541830667036181,0.1564380747411157,0.9118167087827691
25,emotion,ridge,3,fashion,95,0.043894657291276944,0.0633423255803321,0.10279846189448302,0.9653722740217763
25,emotion,ridge,3,fashion,96,0.06555297958899958,0.40240166947731465,0.3926615844326815,0.9789969314541351
25,emotion,ridge,3,fashion,107,0.10886629282358865,0.2005365686212835,0.18826223024221952,0.971319125249031
25,emotion,ridge,3,fashion,122,0.03946227611903238,0.22034510354983314,0.26882468090426,0.9900466667353855
25,emotion,ridge,3,fashion,123,0.26238716483421176,0.5076330784203064,0.489817456563669,1.0091338212737984
25,emotion,ridge,3,fashion,132,0.11118477135857235,0.22455929981187486,0.3024463614610946,1.0033619896537782
25,emotion,ridge,3,fashion,140,0.22129942548511108,0.30549150417260523,0.38794471723479573,0.9996770128867669
25,emotion,ridge,3,fashion,141,0.09496120475881172,0.1751316687436628,0.21713625790714014,1.0078192971069466
25,emotion,ridge,3,landscape,0,0.2288557964397992,0.39054690432782235,0.3788747780530906,1.8411330646245108
25,emotion,ridge,3,landscape,9,0.32598469066152924,0.48568115397183764,0.5983173127179273,1.8259896560655613
25,emotion,ridge,3,landscape,10,0.4093553255631768,0.6951484580857937,0.6662780506116054,1.804001424395034
25,emotion,ridge,3,landscape,11,0.2331393406453345,0.3005973675463487,0.3184591713501544,1.780287975961468
25,emotion,ridge,3,landscape,24,0.000154621875519787,-0.07843554077226009,0.0008037113182180408,1.9603137021645258
25,emotion,ridge,3,landscape,28,0.16287617582496247,0.2855824810109566,0.2892610386824114,1.9300579881343172
25,emotion,ridge,3,landscape,31,0.021583253579471818,0.34334601937515435,0.3431150959761447,1.7550884674567049
25,emotion,ridge,3,landscape,32,0.5112092007677322,0.5844428895588412,0.6201003911968969,1.9255856736949761
25,emotion,ridge,3,landscape,36,0.5134226062456995,0.6323791831423854,0.6357932233824436,1.7427202745065635
25,emotion,ridge,3,landscape,42,0.1674675732336284,0.36668649822090615,0.3539957199257289,1.8452244322520321
25,emotion,ridge,3,landscape,47,0.5767600449319098,0.4738322125036237,0.6467777229212688,1.8679402020323554
25,emotion,ridge,3,landscape,54,0.014625630147638435,0.08517891848600054,0.0464395952223655,1.7666467131192467
25,emotion,ridge,3,landscape,55,0.4102512912468329,0.573569884136959,0.6081524393241636,1.937623267076179
25,emotion,ridge,3,landscape,59,0.3479594711093718,0.48351352098154676,0.4203826392299487,1.7735390595659086
25,emotion,ridge,3,landscape,60,0.5723802633478418,0.7613546223034264,0.7358595481562966,1.9480626042600009
25,emotion,ridge,3,landscape,67,0.22959230476258632,0.3524499379443083,0.39504664277695395,1.8788559166715484
25,emotion,ridge,3,landscape,68,0.2761424468624388,0.4854817338828858,0.43627777788237804,1.8197130660820298
25,emotion,ridge,3,landscape,75,0.10148300824028596,0.39582378620614017,0.3599096746876072,1.7727189612515497
25,emotion,ridge,3,landscape,76,0.43641936640986523,0.4448720115219141,0.49693706280243616,1.86423535663246
25,emotion,ridge,3,landscape,82,0.19103047357393133,0.42845500691465144,0.40590432447066715,1.7725730202626293
25,emotion,ridge,3,landscape,84,0.24910407958402322,0.6215662584259997,0.5980483393300238,1.8679876874347514
25,emotion,ridge,3,landscape,88,0.43880046957093777,0.6170552239848595,0.5856932871439319,1.7551740909186644
25,emotion,ridge,3,landscape,95,0.32042476005823917,0.46916910188580074,0.5112084868755022,1.939108500474279
25,emotion,ridge,3,landscape,96,0.3122386761372872,0.5775064056383652,0.541018106240419,2.009109151312884
25,emotion,ridge,3,landscape,107,0.1315955405518566,0.20061638049632166,0.16811307276477128,1.9598955263534967
25,emotion,ridge,3,landscape,122,0.4208228657474922,0.5355598791476845,0.5975220404149885,1.7743534652200819
25,emotion,ridge,3,landscape,123,0.4341890538336111,0.6904454162490737,0.6698501843769559,1.7331741545397006
25,emotion,ridge,3,landscape,132,0.3197070896255968,0.33001571075108255,0.39127232910184345,1.8288452742736208
25,emotion,ridge,3,landscape,140,0.23792312907173901,0.49757621239367816,0.40912720029157723,1.8702041197638113
25,emotion,ridge,3,landscape,141,0.1950242634263194,0.3495042474938116,0.3823049198901659,1.721224196576134
25,emotion,ridge,4,art,1,0.3557019660700116,0.42623117102432956,0.43169962290788255,1.7097051402344163
25,emotion,ridge,4,art,2,0.5886178587768881,0.7317124153062782,0.7064629213676911,1.7429578160572072
25,emotion,ridge,4,art,12,0.5183684235766013,0.5763568019296366,0.5706366086652175,1.883834607670294
25,emotion,ridge,4,art,13,0.08614169112186579,0.22700532439223145,0.25537877595288916,1.8226917600079173
25,emotion,ridge,4,art,26,0.31280019679093224,0.4149870554613053,0.38968616279416907,1.9810389595602556
25,emotion,ridge,4,art,29,0.08892075582402992,0.26251509779740734,0.2934240259682691,1.9066406187066265
25,emotion,ridge,4,art,34,0.5618513736634003,0.6874161096378683,0.669744005025709,1.801056483512373
25,emotion,ridge,4,art,38,0.40223111195760364,0.6473193133009806,0.6388170394385607,1.8763780620833979
25,emotion,ridge,4,art,43,0.2264604987851541,0.25991093167859125,0.2601915977993641,1.8543411884250285
25,emotion,ridge,4,art,48,0.5165942000277564,0.6564167160952529,0.6403848493911267,1.798697035573409
25,emotion,ridge,4,art,49,0.3037604057709734,0.43307604335404437,0.4069998605649068,1.838511705514582
25,emotion,ridge,4,art,56,0.0258162308289348,0.2947952453441812,0.2714679152591635,1.7738389771705918
25,emotion,ridge,4,art,61,0.4242255016887152,0.5412105119226757,0.5166953379010194,1.8104939153175608
25,emotion,ridge,4,art,72,0.18417863035414495,0.4063371629747329,0.38016562549937843,1.7818238210526558
25,emotion,ridge,4,art,77,0.20689520128291716,0.3119755591030536,0.34879538586415354,1.7918707023316522
25,emotion,ridge,4,art,78,0.276989903050884,0.43461681126045326,0.5376364555259273,1.7821560832876258
25,emotion,ridge,4,art,89,0.36346173566669204,0.4897183699276207,0.4947639914323046,1.7939864566775074
25,emotion,ridge,4,art,90,0.18759517763049105,0.3653841612125149,0.38372379620837654,1.8740769802784252
25,emotion,ridge,4,art,97,0.2737092091901458,0.4263685711831394,0.43642462652704617,1.8381684707023929
25,emotion,ridge,4,art,103,0.5711387260656625,0.7014406735269719,0.6716827152563862,1.828048640676299
25,emotion,ridge,4,art,108,0.2444080985328868,0.28620231267586427,0.3200647745024759,1.856302157657268
25,emotion,ridge,4,art,114,0.16018521895272,0.46044305537645575,0.5004518530590175,1.8907835114018103
25,emotion,ridge,4,art,115,0.1599312534577359,0.2655602085005654,0.20902524362662794,1.8287048180764063
25,emotion,ridge,4,art,124,0.42363582818636025,0.5365921782637622,0.558726645181266,1.8383854650297702
25,emotion,ridge,4,art,134,0.4886616101322248,0.5483714840450818,0.5658058129401851,1.827437130503759
25,emotion,ridge,4,art,135,0.01691312667364283,0.17635430684498427,0.21092647140263038,1.6927898518545283
25,emotion,ridge,4,art,142,0.4967760614354285,0.5180423607395875,0.5860259550572168,1.7701854436308588
25,emotion,ridge,4,art,143,0.6412201715405879,0.7747668141018811,0.7876044322337046,1.8097363374033595
25,emotion,ridge,4,fashion,1,0.09027841201027062,0.290658927815644,0.2993080369638826,1.051791964271655
25,emotion,ridge,4,fashion,2,0.23936742345901021,0.5575803164604305,0.5707199853911907,1.060558487029984
25,emotion,ridge,4,fashion,12,0.17032263155587699,0.25851589240091427,0.30269390993378154,1.045641821449337
25,emotion,ridge,4,fashion,13,0.03072556476002651,0.27951706421609573,0.3175924252183378,1.082057194299382
25,emotion,ridge,4,fashion,26,0.1802603833616983,0.4441932666333127,0.4278705124709171,1.0823429032648197
25,emotion,ridge,4,fashion,29,0.06448796114133083,0.1960083942956378,0.15303549536976704,0.9690586913117587
25,emotion,ridge,4,fashion,34,0.15195176660529447,0.4386489955460334,0.4203527911936964,1.0814127656314454
25,emotion,ridge,4,fashion,38,0.11812244798605752,0.3674321137023081,0.36671549937999864,1.0090721981061643
25,emotion,ridge,4,fashion,43,0.2532802456932415,0.574801854728662,0.5484430858257112,1.1472569959688814
25,emotion,ridge,4,fashion,48,0.0612940113886512,0.21643813309791518,0.24940207418817245,1.0349632215864828
25,emotion,ridge,4,fashion,49,0.036522848779881295,0.10834903975896822,0.11932914890280948,1.0930515172258553
25,emotion,ridge,4,fashion,56,-0.0011053397805034706,0.005236984202956658,-0.0034526304203281654,1.030043502171369
25,emotion,ridge,4,fashion,61,0.06747905849845993,0.2905397215312984,0.24829399486996673,0.9867127619303331
25,emotion,ridge,4,fashion,72,0.01797906623133514,0.08595132562576364,0.10523558039143059,1.0625720296338943
25,emotion,ridge,4,fashion,77,0.1977180157067558,0.45510636335819116,0.45589260802649784,1.0048926484946548
25,emotion,ridge,4,fashion,78,0.11569594988633417,0.45438792356182295,0.4250100090156005,1.0729993900966506
25,emotion,ridge,4,fashion,89,0.02598901229168021,0.1839754332909711,0.21204855429821184,1.0729166436311526
25,emotion,ridge,4,fashion,90,0.1790321524842585,0.35426892343912164,0.3894566245648503,1.1073366610242348
25,emotion,ridge,4,fashion,97,0.2355334722764494,0.4665078916963642,0.506651112899425,1.1198371597948682
25,emotion,ridge,4,fashion,103,0.11422049388018862,0.24466745059409412,0.24931324706814842,1.1161308738227513
25,emotion,ridge,4,fashion,108,-0.02538650619518734,-0.27011976823425293,-0.29234433559059614,1.1700368218498054
25,emotion,ridge,4,fashion,114,0.2562435757053713,0.44191170980078126,0.5132956547874298,1.0382955774623752
25,emotion,ridge,4,fashion,115,0.23136937743961603,0.370161349767996,0.4222500921185436,0.9876801315712501
25,emotion,ridge,4,fashion,124,0.2904820705186758,0.4904079172788643,0.4961132798239162,1.0669084519118142
25,emotion,ridge,4,fashion,134,0.17965619715366518,0.3199074643877974,0.3270202757259264,1.018883631659239
25,emotion,ridge,4,fashion,135,0.06063366990888001,0.2307904229594124,0.22300280055453806,1.012281016875571
25,emotion,ridge,4,fashion,142,0.1304029593335818,0.30482731398155327,0.3072095823622319,1.0056681497886015
25,emotion,ridge,4,fashion,143,0.1897760473380444,0.485242880217681,0.4913738171435658,1.0283246237905865
25,emotion,ridge,4,landscape,1,0.41505754327617916,0.618379741419026,0.6154852886979904,3.019518701933219
25,emotion,ridge,4,landscape,2,0.4489440003689791,0.5825504643097585,0.5746752477693843,2.8395672156425813
25,emotion,ridge,4,landscape,12,0.651058674764198,0.6913037215102311,0.6853232572733023,2.755623784487427
25,emotion,ridge,4,landscape,13,0.017935094196902916,-0.010779705807589123,0.08131395897388388,2.61776533117827
25,emotion,ridge,4,landscape,26,0.24636149407963312,0.3782263696525277,0.41400449987178717,2.815314206245876
25,emotion,ridge,4,landscape,29,-0.04605649316811757,-0.07614440994496889,-0.062117458581027934,2.9139082197344655
25,emotion,ridge,4,landscape,34,0.26495233938066515,0.5222707074052277,0.46316236283149687,2.8240289522634345
25,emotion,ridge,4,landscape,38,0.13298756689927807,0.37053214185018984,0.3526198273875709,2.949098487074227
25,emotion,ridge,4,landscape,43,0.2983025376129668,0.387859415130262,0.4401850364584573,2.7490621209226576
25,emotion,ridge,4,landscape,48,0.5760438998361104,0.5766476466152304,0.6158199228927126,2.996919276293812
25,emotion,ridge,4,landscape,49,0.37828988702921884,0.45311297560483416,0.5191342613812018,2.7003528656607414
25,emotion,ridge,4,landscape,56,0.0038178572816827618,-0.0022724690138822205,0.015033856069348206,2.9688551980178777
25,emotion,ridge,4,landscape,61,0.39373172679835056,0.4414298309283196,0.44783554548821497,2.817603395173115
25,emotion,ridge,4,landscape,72,0.24775155802867205,0.3927412505504432,0.4197813737552616,3.013805756900343
25,emotion,ridge,4,landscape,77,0.28693512702749085,0.5119858450665146,0.48553070366925094,2.7633525206026643
25,emotion,ridge,4,landscape,78,0.15826531887180872,0.28420076573152653,0.2877937587603654,2.462193508717592
25,emotion,ridge,4,landscape,89,-0.07615141413730252,-0.029906094472878557,-0.20401668859764288,2.8713523002099977
25,emotion,ridge,4,landscape,90,0.26197387662371224,0.44903207589833866,0.42697865800850016,2.7766217333445398
25,emotion,ridge,4,landscape,97,0.4614351708194461,0.4846553408032093,0.4983842545752474,2.8283223158344213
25,emotion,ridge,4,landscape,103,0.3713669697312302,0.4982231487064589,0.4439287862650322,2.8763831538442592
25,emotion,ridge,4,landscape,108,0.16894369531812994,0.2584244900235969,0.2332668864939288,2.8801150505534423
25,emotion,ridge,4,landscape,114,0.3889075647904301,0.5102794598795802,0.45810632671751716,2.906517108351199
25,emotion,ridge,4,landscape,115,0.1336196905569625,0.1949579143868348,0.2212684065793772,2.683638670105144
25,emotion,ridge,4,landscape,124,0.327027357956734,0.4588751461713065,0.45547539655214697,2.803256898425983
25,emotion,ridge,4,landscape,134,0.28528049293942537,0.3711352537239893,0.335537385956877,3.212586065913889
25,emotion,ridge,4,landscape,135,0.36854816268927243,0.34202617229293836,0.43886539409781905,2.744301402920461
25,emotion,ridge,4,landscape,142,0.2195657078481863,0.2862740305714283,0.31096926553455395,2.8200395047201288
25,emotion,ridge,4,landscape,143,0.44587119693557387,0.5138684099422989,0.56645705343367,2.9280352209831073
25,population,ridge,0,art,3,0.06964813462375415,0.10003716909823884,0.09597808651243113,
25,population,ridge,0,art,14,0.32090653657921947,0.6387189479847772,0.6318511893404097,
25,population,ridge,0,art,15,0.16769029854072953,0.22654084980961536,0.23011954064067194,
25,population,ridge,0,art,19,0.500056897837239,0.5763815116948287,0.5774936999099902,
25,population,ridge,0,art,21,0.2580568056265876,0.46201014511087224,0.46335739901483597,
25,population,ridge,0,art,22,0.28930873431561316,0.41978599884486145,0.4241242186439646,
25,population,ridge,0,art,30,-0.18719310431279743,-0.21670274638038162,-0.2097893432384933,
25,population,ridge,0,art,50,0.49479726541488867,0.4833905830178234,0.5183752148527795,
25,population,ridge,0,art,57,0.46513063722182296,0.5106581584154437,0.5381881346985481,
25,population,ridge,0,art,62,0.26604994191966663,0.494897441611381,0.5166444437093468,
25,population,ridge,0,art,63,0.11741574364318212,0.15671605517522624,0.16383354956367985,
25,population,ridge,0,art,79,0.4554513293032962,0.4647452203784049,0.514366736522145,
25,population,ridge,0,art,80,0.3398358013315929,0.6826756527713498,0.6575851640033703,
25,population,ridge,0,art,85,0.05043390466113713,0.028051762893131202,0.09350556083665917,
25,population,ridge,0,art,86,0.39518105541540305,0.6414511814496295,0.6436021741448783,
25,population,ridge,0,art,98,0.2169606179139014,0.40329102837237885,0.41653165446861,
25,population,ridge,0,art,99,0.4782348654932338,0.7264778484164266,0.7392398430233971,
25,population,ridge,0,art,105,0.19227179347701942,0.25833227836455225,0.25005924396730556,
25,population,ridge,0,art,109,0.3691159629409131,0.46805810151923105,0.48389339737941234,
25,population,ridge,0,art,110,0.31855870527198016,0.485309465622598,0.5076551368609508,
25,population,ridge,0,art,116,0.37874493538161874,0.5973413388710003,0.6115000821379317,
25,population,ridge,0,art,117,0.4259788492130905,0.7377247531723158,0.7393400848058689,
25,population,ridge,0,art,126,0.39340161080294045,0.4633154734958584,0.478298054226733,
25,population,ridge,0,art,127,0.2522316347967356,0.4662216715194727,0.49767659513538187,
25,population,ridge,0,art,136,0.3760075252642349,0.3459654974672268,0.39405175512758495,
25,population,ridge,0,art,144,0.17433921662652732,0.6680774906151098,0.670650252296519,
25,population,ridge,0,fashion,3,0.22144040023467548,0.4345824467732514,0.4744859185261161,
25,population,ridge,0,fashion,14,0.21719782291504175,0.4601396354167493,0.5392255476397092,
25,population,ridge,0,fashion,15,0.0024543724471755156,-0.0065014520642293246,0.005682033786302513,
25,population,ridge,0,fashion,19,0.3096700437232362,0.4268196401683152,0.47639745328712485,
25,population,ridge,0,fashion,21,0.12243261839128876,0.18723364073965285,0.23074772213168532,
25,population,ridge,0,fashion,22,0.1507008617848583,0.393805686409602,0.3826561226789376,
25,population,ridge,0,fashion,30,0.17027648637769174,0.3354828278077899,0.3268931889203553,
25,population,ridge,0,fashion,50,0.03526981314120904,-0.010584142537413025,0.06236743159827424,
25,population,ridge,0,fashion,57,0.09539817716441007,0.24167816324854133,0.1762693777655792,
25,population,ridge,0,fashion,62,0.1384679154981993,0.2957836076347694,0.2833512608151678,
25,population,ridge,0,fashion,63,0.1587383873624847,0.24022927152477122,0.26159741285708094,
25,population,ridge,0,fashion,79,0.4153306518009852,0.43304040464252475,0.526466796158745,
25,population,ridge,0,fashion,80,0.10817335149754975,0.22183636493830286,0.23769324226718747,
25,population,ridge,0,fashion,85,0.2279465348721216,0.42475413524912947,0.42092645390619854,
25,population,ridge,0,fashion,86,0.05207252956480749,0.08305554639806927,0.11478197584351654,
25,population,ridge,0,fashion,98,0.14785949192370187,0.3042814533768127,0.3273480197120154,
25,population,ridge,0,fashion,99,0.23785847423573298,0.41985306776138864,0.45534370140476566,
25,population,ridge,0,fashion,105,0.06954711633374928,0.12531916549944772,0.13741731127905987,
25,population,ridge,0,fashion,109,0.32829531804313267,0.47902298156194956,0.5456338896209305,
25,population,ridge,0,fashion,110,0.2597812740510161,0.3448727928958437,0.3776607061219379,
25,population,ridge,0,fashion,116,0.19329945418024583,0.24281545222358794,0.3599592979740237,
25,population,ridge,0,fashion,117,0.32849374824472344,0.47667173983840266,0.533538236810056,
25,population,ridge,0,fashion,126,0.23178762515969087,0.2538242330615408,0.4027774670219443,
25,population,ridge,0,fashion,127,0.21290806320266292,0.5300948213393801,0.5051020038411262,
25,population,ridge,0,fashion,136,0.24467484766376907,0.5055842447604649,0.46146592410298776,
25,population,ridge,0,fashion,144,0.1427965311310367,0.5397303240308864,0.4847361766098579,
25,population,ridge,0,landscape,3,0.3313312693176198,0.4202267308483336,0.47825364807908266,
25,population,ridge,0,landscape,14,0.19633702303034672,0.3538744936123055,0.3749374855534142,
25,population,ridge,0,landscape,15,0.0384818929994174,0.0440088026408803,0.059470245137258765,
25,population,ridge,0,landscape,19,0.42082801344874105,0.49608972073630253,0.5287614678101408,
25,population,ridge,0,landscape,21,0.09457864709561811,0.12965951418415453,0.15518463153021345,
25,population,ridge,0,landscape,22,0.2695722359538893,0.42893972209403025,0.45436345840656533,
25,population,ridge,0,landscape,30,0.14093639937544822,0.34063909868879233,0.389670743966086,
25,population,ridge,0,landscape,50,0.37768372161780933,0.4285102562543662,0.39561105642017097,
25,population,ridge,0,landscape,57,0.39982175731153746,0.4576892729123634,0.4686961827670071,
25,population,ridge,0,landscape,62,0.2750472416637009,0.3328721989818945,0.42577945009521284,
25,population,ridge,0,landscape,63,0.15557661672235615,0.15606137940054732,0.2094279166764247,
25,population,ridge,0,landscape,79,0.3313592174076482,0.39045987935604964,0.3465707310983732,
25,population,ridge,0,landscape,80,0.39425094164909363,0.6390763214391869,0.6394933278183701,
25,population,ridge,0,landscape,85,0.13777189262515685,0.28142864025522574,0.24176604989403927,
25,population,ridge,0,landscape,86,0.4698462012167984,0.5661481155396166,0.5608316671571808,
25,population,ridge,0,landscape,98,0.2515107217592353,0.45585912831371556,0.4873060911808552,
25,population,ridge,0,landscape,99,0.4011428381512234,0.5972367873353108,0.5716066763461901,
25,population,ridge,0,landscape,105,0.2441773924949821,0.3466486152749521,0.34801127420629846,
25,population,ridge,0,landscape,109,0.31486041769274137,0.39361547465550634,0.4204650859867966,
25,population,ridge,0,landscape,110,0.5672963119769582,0.6773190828499889,0.6672552502114656,
25,population,ridge,0,landscape,116,0.22857892921225773,0.4440688781687301,0.48306029329405525,
25,population,ridge,0,landscape,117,0.45193958774619325,0.5510243654029895,0.5464892391984775,
25,population,ridge,0,landscape,126,0.18169630299031914,0.24164174956309015,0.27305932670439464,
25,population,ridge,0,landscape,127,0.23871436135058083,0.32341412693264027,0.36797946705935747,
25,population,ridge,0,landscape,136,0.355044695699743,0.46615800938636076,0.5099188436967418,
25,population,ridge,0,landscape,144,0.25443666548837324,0.5826065383704071,0.5703892293642041,
25,population,ridge,1,art,5,0.10502975984562422,0.18091367037913386,0.20791864682371425,
25,population,ridge,1,art,6,0.4689131032056058,0.6955277398264431,0.6610264079502537,
25,population,ridge,1,art,16,0.24302441971440653,0.43181423624841264,0.44415377145187557,
25,population,ridge,1,art,17,0.09511727809119316,0.1343351987514556,0.11670309382207544,
25,population,ridge,1,art,23,0.09174433795315479,0.12579769973799432,0.13766931486220957,
25,population,ridge,1,art,35,0.07853332611074693,0.12399664671795695,0.09884854034986361,
25,population,ridge,1,art,39,0.5714494145463532,0.7551615512399882,0.7710497378860637,
25,population,ridge,1,art,44,0.34971430028037687,0.6442808861252638,0.6221327197023001,
25,population,ridge,1,art,51,0.3306950940474174,0.523413845635951,0.5573699501332012,
25,population,ridge,1,art,64,0.21723114376204503,0.3725086901768407,0.34980156513246213,
25,population,ridge,1,art,69,0.30003148843033356,0.34852442212493556,0.34516319232450315,
25,population,ridge,1,art,81,0.29950253925172393,0.3498887832383117,0.42237681508242686,
25,population,ridge,1,art,92,0.27182358255597755,0.34898250446868684,0.3778583925444386,
25,population,ridge,1,art,100,0.37891683488562056,0.6158341921929029,0.658350187579274,
25,population,ridge,1,art,101,0.4576895354791899,0.6286828123709176,0.6097005005280013,
25,population,ridge,1,art,106,0.41340264154398576,0.4795204959576387,0.48419432568931525,
25,population,ridge,1,art,111,0.4763887849143167,0.6833186886705842,0.6721776191133799,
25,population,ridge,1,art,118,0.45421012449913056,0.6419592649092528,0.6184041946081988,
25,population,ridge,1,art,119,0.279676071126639,0.5684837286940606,0.5850196037963324,
25,population,ridge,1,art,128,0.4167201009714728,0.5219743397240193,0.48975254417451997,
25,population,ridge,1,art,129,0.23973806160808125,0.3418183718210722,0.3549156911885221,
25,population,ridge,1,art,137,0.46695586119738675,0.49993194927383183,0.5422345639217596,
25,population,ridge,1,fashion,5,0.09337424235286619,0.1600355772580081,0.1864779280866728,
25,population,ridge,1,fashion,6,0.23995167133983594,0.3420373230107772,0.38073323195056447,
25,population,ridge,1,fashion,16,0.1386751427750769,0.3298638058875581,0.2913650953010836,
25,population,ridge,1,fashion,17,0.06709532429240747,0.02437302761249376,0.10089982050619115,
25,population,ridge,1,fashion,23,0.1757166283774708,0.44426486451699987,0.45841585023291603,
25,population,ridge,1,fashion,35,0.17257726783528055,0.256655507876222,0.23977843083739617,
25,population,ridge,1,fashion,39,0.25712636076522905,0.32686449204769297,0.3878115769916136,
25,population,ridge,1,fashion,44,0.1496178807421477,0.4435585608967581,0.34498963584953757,
25,population,ridge,1,fashion,51,0.2153713990665796,0.5047971090683091,0.5002746630374557,
25,population,ridge,1,fashion,64,0.025267307167493636,0.16441400763501315,0.10324654994867496,
25,population,ridge,1,fashion,69,0.29561029114876036,0.3903262797087034,0.3868574145960023,
25,population,ridge,1,fashion,81,0.19315164217103548,0.369605741440563,0.3692904765039371,
25,population,ridge,1,fashion,92,0.030651832970905138,0.016262386244718333,0.06918053679715044,
25,population,ridge,1,fashion,100,0.24229100856595756,0.5190663772736228,0.586207416050164,
25,population,ridge,1,fashion,101,0.1750601753377616,0.304191540881183,0.2848757006210352,
25,population,ridge,1,fashion,106,0.10208763266712163,0.26624185516661425,0.339965204259939,
25,population,ridge,1,fashion,111,0.19622396019146715,0.36150939588111297,0.3658582984621341,
25,population,ridge,1,fashion,118,0.20426602876231187,0.29316429706067026,0.30710094413451205,
25,population,ridge,1,fashion,119,0.2111698946560173,0.43228336267556117,0.5060838393676017,
25,population,ridge,1,fashion,128,0.3726388126691257,0.5643631962103511,0.5556336179170492,
25,population,ridge,1,fashion,129,0.13932280166426644,0.21472123093809262,0.30261077825194976,
25,population,ridge,1,fashion,137,0.09860266635814235,0.17373102506938376,0.19715546103877146,
25,population,ridge,1,landscape,5,0.25811373619466194,0.39468476618380177,0.4224379560658187,
25,population,ridge,1,landscape,6,0.3723162060170203,0.6580622951220773,0.6370069904722828,
25,population,ridge,1,landscape,16,0.27721862926481333,0.5109677405522783,0.5142293399652502,
25,population,ridge,1,landscape,17,-0.06230236847511336,-0.07629966323250356,-0.08044144265591026,
25,population,ridge,1,landscape,23,0.32900953029892355,0.7581172680979462,0.7155361348874072,
25,population,ridge,1,landscape,35,0.3598327613791332,0.4801020092953743,0.48968848364413375,
25,population,ridge,1,landscape,39,0.42568743647292945,0.7882346292959229,0.754526812785972,
25,population,ridge,1,landscape,44,0.3569126050273319,0.6320640777107418,0.5859481053711202,
25,population,ridge,1,landscape,51,0.34267141432488385,0.7350116948397329,0.6963851746098272,
25,population,ridge,1,landscape,64,0.15907096415078928,0.3067929980967406,0.32468081631457757,
25,population,ridge,1,landscape,69,0.1901080818533359,0.25800602848753257,0.22273365431523962,
25,population,ridge,1,landscape,81,0.2937749639674694,0.43166228820253677,0.38195976342682764,
25,population,ridge,1,landscape,92,0.26115551578482965,0.4256035632053209,0.4429326253278121,
25,population,ridge,1,landscape,100,0.23510141499754536,0.4784483680063645,0.4499771175224481,
25,population,ridge,1,landscape,101,0.1344591838808308,0.19572275428924746,0.21634148946001852,
25,population,ridge,1,landscape,106,0.24730675827440987,0.4378238902472069,0.4410514535041152,
25,population,ridge,1,landscape,111,0.27776239373375206,0.4735146197880375,0.4546944470228489,
25,population,ridge,1,landscape,118,0.29979376494576204,0.5447888178799966,0.5104280842704217,
25,population,ridge,1,landscape,119,0.3676362317660846,0.7265266218385579,0.7264708298395286,
25,population,ridge,1,landscape,128,0.2669560372025362,0.41714035340172806,0.37644191916168,
25,population,ridge,1,landscape,129,0.3841691895511064,0.565875407160558,0.5749299253019365,
25,population,ridge,1,landscape,137,0.27859670836283823,0.472363319344663,0.468263489374476,
25,population,ridge,2,art,7,0.2205587773847156,0.2221934832161778,0.26109875098761826,
25,population,ridge,2,art,8,0.31964518981132467,0.5917014358227132,0.6204482462738902,
25,population,ridge,2,art,40,0.15177164888737005,0.31512815389386045,0.2952266680563948,
25,population,ridge,2,art,41,0.4107439051560723,0.6834824017225695,0.6753598480414972,
25,population,ridge,2,art,45,-0.015427086703390894,0.034619300254398265,-0.021035480040366136,
25,population,ridge,2,art,46,0.07602711916553084,0.07638473194772853,0.10437422864594872,
25,population,ridge,2,art,52,0.4064509042378219,0.5721289072677246,0.5613882210088305,
25,population,ridge,2,art,58,0.4768125230702229,0.6672749758301654,0.6850663095620357,
25,population,ridge,2,art,65,0.5342781246347936,0.678734540994001,0.6735309438625474,
25,population,ridge,2,art,66,0.29419430903980764,0.4415636864407827,0.41874928087428565,
25,population,ridge,2,art,74,0.4320190554449163,0.5227868289009886,0.5074686709854267,
25,population,ridge,2,art,83,0.6515312028983675,0.6896676375079817,0.6724146490003785,
25,population,ridge,2,art,87,0.33960084681955727,0.6477046508724618,0.6330845436994899,
25,population,ridge,2,art,93,0.4252729868736653,0.6185575328542386,0.599721945086319,
25,population,ridge,2,art,94,0.3947392111002125,0.753742577574491,0.7457344149458501,
25,population,ridge,2,art,102,0.21283705746969767,0.32138824268343735,0.3028097785510555,
25,population,ridge,2,art,112,0.42860453834791223,0.47736565719845164,0.4626206131009948,
25,population,ridge,2,art,113,0.3603110194204278,0.5034915904606199,0.47671245861984696,
25,population,ridge,2,art,120,0.4755774574459641,0.615321494599863,0.6439327422030433,
25,population,ridge,2,art,121,0.28212177130637245,0.44966724479325304,0.4375890333327296,
25,population,ridge,2,art,131,0.24250988428680065,0.37987639293136616,0.375174024481867,
25,population,ridge,2,art,138,0.41214655243768017,0.512706900942195,0.48591077503353186,
25,population,ridge,2,art,139,0.03379078344169398,0.07282598523637435,0.04636539740056155,
25,population,ridge,2,fashion,7,0.2814879450836149,0.4093817052117759,0.4675005949762593,
25,population,ridge,2,fashion,8,0.2851243303078476,0.4376531715224509,0.4126747487364423,
25,population,ridge,2,fashion,40,0.24356555278042077,0.14691346164897584,0.33888632809165853,
25,population,ridge,2,fashion,41,0.2340881269950323,0.4325479049939111,0.4454182178754118,
25,population,ridge,2,fashion,45,0.18612664702620846,0.35286046389492776,0.34651702255924,
25,population,ridge,2,fashion,46,0.0742864431355804,0.1934626128504326,0.1635476032629429,
25,population,ridge,2,fashion,52,0.2552677680008331,0.45299432961235203,0.5068355117095221,
25,population,ridge,2,fashion,58,0.22343596388476747,0.3396397559457988,0.3665364149984165,
25,population,ridge,2,fashion,65,0.186704860810131,0.1874836560823604,0.3329534111577451,
25,population,ridge,2,fashion,66,0.18889298073207098,0.29807691107810075,0.2688618178900092,
25,population,ridge,2,fashion,74,-0.07092542845462838,-0.10320949280990688,-0.08703614906347486,
25,population,ridge,2,fashion,83,0.4142264209466166,0.48360854695767336,0.49040255126186766,
25,population,ridge,2,fashion,87,0.17486282001706813,0.3214143598826549,0.3436559447509507,
25,population,ridge,2,fashion,93,0.34416220688355526,0.5430718770364577,0.5545878084550354,
25,population,ridge,2,fashion,94,0.25535991560475424,0.43097616625832985,0.4723585111900948,
25,population,ridge,2,fashion,102,0.17733077847132317,0.2591348023575039,0.34139797789349374,
25,population,ridge,2,fashion,112,0.21533184709481487,0.3414583979564919,0.339106056003735,
25,population,ridge,2,fashion,113,0.2410632597776436,0.38688130614471444,0.4022435997022933,
25,population,ridge,2,fashion,120,0.21234344191750823,0.20982379718618338,0.2855882957504523,
25,population,ridge,2,fashion,121,0.2681135132259696,0.4000681908472818,0.42838147455743275,
25,population,ridge,2,fashion,131,0.11602218944716886,0.22505304874392293,0.1935471140167271,
25,population,ridge,2,fashion,138,0.3402642367934134,0.4708558856036074,0.46322139110329497,
25,population,ridge,2,fashion,139,0.30639312031719745,0.4526017962105372,0.4857090350671943,
25,population,ridge,2,landscape,7,0.103697485933386,0.11193697981882009,0.1311127946863555,
25,population,ridge,2,landscape,8,0.39399800381798405,0.5092447399475697,0.5180709745161753,
25,population,ridge,2,landscape,40,0.15659659492292505,0.17089143147841232,0.2279495312401266,
25,population,ridge,2,landscape,41,0.32415678194547914,0.5203318189569026,0.5335925659598338,
25,population,ridge,2,landscape,45,0.4233665430293999,0.5172413377279197,0.5602369437582102,
25,population,ridge,2,landscape,46,0.14684333628774604,0.500137081870928,0.4518372121065121,
25,population,ridge,2,landscape,52,0.2962887676279089,0.509300208534364,0.5392967945747992,
25,population,ridge,2,landscape,58,0.39984759830782163,0.4992463199704362,0.5590153433605043,
25,population,ridge,2,landscape,65,0.22757337235673464,0.3322911714296012,0.331944160920581,
25,population,ridge,2,landscape,66,0.43583019153526653,0.4732949601497368,0.5390145568695675,
25,population,ridge,2,landscape,74,0.2553657746835263,0.344455584513432,0.34105196477311156,
25,population,ridge,2,landscape,83,0.35397241982413863,0.5308725713003103,0.5793397578795385,
25,population,ridge,2,landscape,87,0.3232993658636421,0.5009071908215613,0.46880892607156216,
25,population,ridge,2,landscape,93,0.4039590680152301,0.6713156278178252,0.684877538570602,
25,population,ridge,2,landscape,94,0.3782148694840832,0.555863956250288,0.5876299580534787,
25,population,ridge,2,landscape,102,0.35639348286685263,0.6612398205012835,0.6392707346138979,
25,population,ridge,2,landscape,112,0.43840400262611073,0.45427348988996513,0.5292612821022816,
25,population,ridge,2,landscape,113,0.3244852994331131,0.4032861915835718,0.4256644894363011,
25,population,ridge,2,landscape,120,0.35058955665227487,0.5843347215749023,0.5647206008920641,
25,population,ridge,2,landscape,121,0.49419856359548686,0.7094280925460339,0.6728638845507042,
25,population,ridge,2,landscape,131,0.24631688343214622,0.428700120381077,0.40341787815170305,
25,population,ridge,2,landscape,138,0.5770137031368063,0.7273741461703817,0.7742844945851084,
25,population,ridge,2,landscape,139,0.29925114174997014,0.5294924884761475,0.43979863552169485,
25,population,ridge,3,art,0,0.29034958762134355,0.281839645833983,0.40471386908211004,
25,population,ridge,3,art,9,0.45392740810101323,0.5587232544837458,0.5290084766281414,
25,population,ridge,3,art,10,0.2209931423757456,0.5971562628104327,0.5660033286937148,
25,population,ridge,3,art,11,0.3822903363666776,0.5637936298159851,0.6039239960710235,
25,population,ridge,3,art,24,0.4506623556172377,0.6613718165812502,0.656944872105501,
25,population,ridge,3,art,28,0.4527267225839332,0.6014022437347304,0.6143024923582882,
25,population,ridge,3,art,31,0.2783188851010411,0.5493679392404611,0.5730625247051016,
25,population,ridge,3,art,32,0.19364109006590535,0.40510256632422686,0.4005520928155694,
25,population,ridge,3,art,36,0.32114604825275367,0.43630976274191496,0.4830400176336179,
25,population,ridge,3,art,42,0.24947480472848788,0.37356853348897906,0.4104960755239117,
25,population,ridge,3,art,47,0.3659088427522769,0.4964061082301791,0.5202853091271578,
25,population,ridge,3,art,54,0.13284963396970365,0.19169743295419994,0.23415785683256998,
25,population,ridge,3,art,55,0.17255002361274904,0.2756728358932233,0.26718959181488805,
25,population,ridge,3,art,59,0.32435169338846115,0.5366573168876587,0.5887167205032707,
25,population,ridge,3,art,60,0.42767357178501647,0.6500762123245746,0.6461799925693189,
25,population,ridge,3,art,67,0.34195946280520134,0.40716559563005117,0.38199398658741707,
25,population,ridge,3,art,68,0.4122360138557902,0.6346324972941674,0.6474706284777219,
25,population,ridge,3,art,75,0.3410635818998109,0.46653105748894,0.47999634669453295,
25,population,ridge,3,art,76,0.31809335523544624,0.5378162816000815,0.5146513907397705,
25,population,ridge,3,art,82,0.38049943167401307,0.6740173090642664,0.6907040463880838,
25,population,ridge,3,art,84,0.2011525190049297,0.26442395314190814,0.29156509720268053,
25,population,ridge,3,art,88,0.3390846548928415,0.5507847286927745,0.5702321265479183,
25,population,ridge,3,art,95,0.2952723259793295,0.45041777771373426,0.5263960272288403,
25,population,ridge,3,art,96,0.42660629057349686,0.6240917164695409,0.6732880850033264,
25,population,ridge,3,art,107,0.36284396165119814,0.4928234522602913,0.5083025479307889,
25,population,ridge,3,art,122,0.28573537898819595,0.5248936326490204,0.5872226268022133,
25,population,ridge,3,art,123,0.3484300501972496,0.4745778560746298,0.516967361176537,
25,population,ridge,3,art,132,0.32073801247081557,0.539735362426344,0.6136816638478069,
25,population,ridge,3,art,140,0.3559227562052181,0.4884747663377963,0.515021628510961,
25,population,ridge,3,art,141,0.35281554837321816,0.5153465049484464,0.4987536784804337,
25,population,ridge,3,fashion,0,0.20120779918611936,0.2438304121821438,0.30209288200148965,
25,population,ridge,3,fashion,9,0.22333142066533146,0.30992910053404954,0.31717510763221,
25,population,ridge,3,fashion,10,0.1868637770586068,0.5236282755365621,0.5351527839300039,
25,population,ridge,3,fashion,11,0.37970942303181376,0.6017404603154848,0.5945276842146174,
25,population,ridge,3,fashion,24,0.25974566640966323,0.40583383191533123,0.4652040055920552,
25,population,ridge,3,fashion,28,0.2835681156708746,0.44701075745400315,0.42243310527195105,
25,population,ridge,3,fashion,31,0.04299328980169309,0.23412078751063237,0.127072775000167,
25,population,ridge,3,fashion,32,0.10003366520146688,0.24446469028855589,0.2407921148726531,
25,population,ridge,3,fashion,36,0.2701364152982848,0.3586695563305804,0.42480019553253756,
25,population,ridge,3,fashion,42,0.04923916116804244,0.19023456858270701,0.1305029746506718,
25,population,ridge,3,fashion,47,0.16903371625072877,0.3541997462802092,0.42953695033946965,
25,population,ridge,3,fashion,54,0.06306485453956501,0.040894721476411204,0.13669967407494807,
25,population,ridge,3,fashion,55,0.2530771114492576,0.24016714484150978,0.3874135332054393,
25,population,ridge,3,fashion,59,0.1554371762676868,0.259449900527496,0.43226869710945726,
25,population,ridge,3,fashion,60,0.2727854644208593,0.43655381540383686,0.46376852602634294,
25,population,ridge,3,fashion,67,0.020837332891840178,-0.002228706734101529,0.029959506567671018,
25,population,ridge,3,fashion,68,0.19836267645657285,0.44552058290527397,0.41099594611280943,
25,population,ridge,3,fashion,75,0.30926961879373116,0.4638685716560307,0.49007962892870277,
25,population,ridge,3,fashion,76,0.21527847117068497,0.3211746435689274,0.3232108989467194,
25,population,ridge,3,fashion,82,0.18966919196686727,0.38577404344467703,0.3901139017375958,
25,population,ridge,3,fashion,84,0.1786749608202558,0.4412442125424235,0.4054093039525068,
25,population,ridge,3,fashion,88,0.0976623683134687,0.2735993634642635,0.2634118435489542,
25,population,ridge,3,fashion,95,0.06010549625217249,0.13560748649783175,0.16074203426911496,
25,population,ridge,3,fashion,96,0.21553305459619107,0.37032223408967463,0.37879880463969745,
25,population,ridge,3,fashion,107,0.09397140115994723,0.14463631810528388,0.18320753012072127,
25,population,ridge,3,fashion,122,0.10234336187787173,0.20403996724434686,0.23890145070257432,
25,population,ridge,3,fashion,123,0.3424686810354349,0.5207961689335803,0.4903634089917345,
25,population,ridge,3,fashion,132,0.10872749562678652,0.320983326228333,0.34464162126879266,
25,population,ridge,3,fashion,140,0.21900111559409263,0.4337019494954459,0.5018786729676868,
25,population,ridge,3,fashion,141,0.15518046837132746,0.2781054286756945,0.2766189559681749,
25,population,ridge,3,landscape,0,0.1362080137498442,0.4186627111782382,0.38350785269323817,
25,population,ridge,3,landscape,9,0.4747261646958157,0.4760969923426796,0.577961232999156,
25,population,ridge,3,landscape,10,0.22886252782230904,0.6577501465600177,0.6586142746555872,
25,population,ridge,3,landscape,11,0.2805765960127052,0.39530747793777665,0.46764526725709554,
25,population,ridge,3,landscape,24,0.15612976892757485,0.199458076190627,0.19450242804073797,
25,population,ridge,3,landscape,28,0.234315800949585,0.323870120202155,0.3555847422253031,
25,population,ridge,3,landscape,31,0.0852218990907323,0.42198894895467076,0.24448431419747574,
25,population,ridge,3,landscape,32,0.304861885650408,0.5501876754006574,0.559303811021985,
25,population,ridge,3,landscape,36,0.35798347709105305,0.5504822795845599,0.5713087217849605,
25,population,ridge,3,landscape,42,0.34900674448882424,0.5334084587475573,0.517240129946397,
25,population,ridge,3,landscape,47,0.42832605367783694,0.5352790384534273,0.5966397513358953,
25,population,ridge,3,landscape,54,0.15791075314163616,0.24150847385900387,0.2737728586585709,
25,population,ridge,3,landscape,55,0.4516208681410057,0.6181648556261546,0.6361388566463533,
25,population,ridge,3,landscape,59,0.26226649226005466,0.49352787431042633,0.47400204916102257,
25,population,ridge,3,landscape,60,0.5138294663288028,0.8024150149313478,0.7527819174377075,
25,population,ridge,3,landscape,67,0.39504183009092864,0.46228772936860213,0.453444049121435,
25,population,ridge,3,landscape,68,0.2004318816925605,0.3368332548786953,0.3351994506470753,
25,population,ridge,3,landscape,75,0.2781014427157765,0.4443434437352558,0.42292415812508377,
25,population,ridge,3,landscape,76,0.3517038933556637,0.4614694682186852,0.4841477421404356,
25,population,ridge,3,landscape,82,0.35434072185769006,0.4948310782318455,0.4903474516956638,
25,population,ridge,3,landscape,84,0.35169533701431993,0.5582056795549317,0.5528836295104631,
25,population,ridge,3,landscape,88,0.4653477333566073,0.718731598216922,0.7092757264428412,
25,population,ridge,3,landscape,95,0.2746588401271074,0.4369935462595325,0.5108264753318444,
25,population,ridge,3,landscape,96,0.374426930522367,0.5163954033939346,0.5298267846696709,
25,population,ridge,3,landscape,107,0.1592568862527699,0.2459956761094593,0.20611281923597488,
25,population,ridge,3,landscape,122,0.3025538235666789,0.540655737582069,0.5663726315980594,
25,population,ridge,3,landscape,123,0.4072345708401137,0.6606366823765033,0.6330599495345479,
25,population,ridge,3,landscape,132,0.06893108003849065,0.27407396128981615,0.33848056526843623,
25,population,ridge,3,landscape,140,0.232953004782928,0.47034245332029995,0.36688415431413834,
25,population,ridge,3,landscape,141,0.3663184024843763,0.5190558595130934,0.5042267663248036,
25,population,ridge,4,art,1,0.345913672188636,0.37612570655572103,0.3846846133959805,
25,population,ridge,4,art,2,0.48056222616649397,0.7873181898444129,0.7423195601897259,
25,population,ridge,4,art,12,0.4071379547569792,0.5077032044344681,0.49957043975169707,
25,population,ridge,4,art,13,0.26281910550631477,0.40268344706643516,0.43448625175221717,
25,population,ridge,4,art,26,0.33483217334153603,0.4485805304540108,0.4204867963907965,
25,population,ridge,4,art,29,0.27899050773502043,0.32442617288488834,0.33995978394985293,
25,population,ridge,4,art,34,0.280286178741356,0.6266138095529693,0.626988795005491,
25,population,ridge,4,art,38,0.3780808314671228,0.6213089799401921,0.609497483162348,
25,population,ridge,4,art,43,0.18888503207887242,0.3190238946588173,0.34797549176603615,
25,population,ridge,4,art,48,0.42441726925294704,0.6665161890592995,0.658458776792943,
25,population,ridge,4,art,49,0.3438101054827157,0.5250725532488049,0.5186101905184465,
25,population,ridge,4,art,56,0.0454905702697086,0.08793057682232729,0.16851918391051743,
25,population,ridge,4,art,61,0.2588673598146367,0.4198381239277841,0.4318681133079235,
25,population,ridge,4,art,72,0.18157576750770665,0.4682371698942248,0.44758370407678155,
25,population,ridge,4,art,77,0.3261715581100513,0.5115310594777744,0.48963741928380394,
25,population,ridge,4,art,78,0.33188571146348794,0.59660049698074,0.5960709497495819,
25,population,ridge,4,art,89,0.2539346143642105,0.4935470497048554,0.49108270705002616,
25,population,ridge,4,art,90,0.2356968164527022,0.4074384680532844,0.39056258523479426,
25,population,ridge,4,art,97,0.3435840909415367,0.4422177687194491,0.43662694218087,
25,population,ridge,4,art,103,0.4016045186348175,0.6525610081142803,0.6926460329423371,
25,population,ridge,4,art,108,0.13202822661079344,0.3038819974429313,0.2904602293336752,
25,population,ridge,4,art,114,0.21584482740408817,0.564642084977483,0.5649840062995788,
25,population,ridge,4,art,115,0.06982203316443165,0.15536579790073365,0.12958751975075056,
25,population,ridge,4,art,124,0.3696392527524448,0.44369443818522863,0.5078430451128518,
25,population,ridge,4,art,134,0.36571892163638225,0.5687143766086873,0.592720018929498,
25,population,ridge,4,art,135,0.04314729035254639,-0.039917865396178205,0.05620824425870987,
25,population,ridge,4,art,142,0.35793968850390995,0.5960540443362268,0.6290219966628302,
25,population,ridge,4,art,143,0.42308207964719097,0.7307969917596163,0.7230865281326713,
25,population,ridge,4,fashion,1,0.2096753829903568,0.2626094803577995,0.2493223340563607,
25,population,ridge,4,fashion,2,0.2433689365170833,0.5426076978658969,0.5517990019306716,
25,population,ridge,4,fashion,12,0.141423527102831,0.17628148726108037,0.2001114037606579,
25,population,ridge,4,fashion,13,0.2778022393294534,0.38618596334584365,0.3875424464673113,
25,population,ridge,4,fashion,26,0.3138810507269499,0.42669459075318905,0.4434031714817942,
25,population,ridge,4,fashion,29,0.12622475198793925,0.27441175201389295,0.20419067209724595,
25,population,ridge,4,fashion,34,0.20850827505241384,0.39343500837419465,0.3908570238073687,
25,population,ridge,4,fashion,38,0.23068171290099707,0.43760691653386474,0.4375617519535833,
25,population,ridge,4,fashion,43,0.3148145701478706,0.48017736263617433,0.499470595995445,
25,population,ridge,4,fashion,48,0.3064077287464023,0.5253118465882732,0.4793704255107179,
25,population,ridge,4,fashion,49,0.08867230081086448,0.1535152677561429,0.15364696549245338,
25,population,ridge,4,fashion,56,0.013642730137305317,-0.03334213275882405,0.05378504823351748,
25,population,ridge,4,fashion,61,0.21596595389160136,0.33462609677571353,0.2909680041522814,
25,population,ridge,4,fashion,72,0.09412969298598574,0.16739694073439323,0.21378215822916793,
25,population,ridge,4,fashion,77,0.31503253850172797,0.47265405807881455,0.47208686837381636,
25,population,ridge,4,fashion,78,0.17668581770585393,0.3525526876701372,0.35624143880123293,
25,population,ridge,4,fashion,89,0.1157293290505801,0.23907942415087388,0.27374822017389916,
25,population,ridge,4,fashion,90,0.19195152367086082,0.34958308482653466,0.36114618559371464,
25,population,ridge,4,fashion,97,0.4449827932161778,0.5672242325468582,0.5800803817675723,
25,population,ridge,4,fashion,103,0.0841007848943396,0.09463599372887521,0.11005503065769495,
25,population,ridge,4,fashion,108,0.25162128995492306,0.4705486362640686,0.4601668607631639,
25,population,ridge,4,fashion,114,0.3200093566311663,0.4637698181787697,0.48005696495630357,
25,population,ridge,4,fashion,115,0.21588298823897745,0.4117076397500078,0.44492237826984193,
25,population,ridge,4,fashion,124,0.22176692696594202,0.3937524829351102,0.41621675633178,
25,population,ridge,4,fashion,134,0.20360805776733787,0.27838777307444074,0.3022195703070063,
25,population,ridge,4,fashion,135,0.04064941241056976,0.06340231263867639,0.0605180775656924,
25,population,ridge,4,fashion,142,0.1392366581448616,0.39243536378121097,0.3967240186587692,
25,population,ridge,4,fashion,143,0.2995921895375152,0.39907293615172124,0.435375751564208,
25,population,ridge,4,landscape,1,0.36459506059315927,0.5588341852249232,0.5191266796245589,
25,population,ridge,4,landscape,2,0.3172810090252223,0.5865618291870852,0.569852338567697,
25,population,ridge,4,landscape,12,0.46998003073978806,0.7212178419754652,0.7409536383223486,
25,population,ridge,4,landscape,13,0.05606388930404726,0.031070916739521594,0.10180187160576837,
25,population,ridge,4,landscape,26,0.10973586541368073,0.26508803564279776,0.21134926495744516,
25,population,ridge,4,landscape,29,0.18498235107105157,0.19422415914534452,0.22631113723358984,
25,population,ridge,4,landscape,34,0.4196952588590234,0.6840685619464298,0.6646462108804989,
25,population,ridge,4,landscape,38,0.3540099173387168,0.5141184988213354,0.4727760591718797,
25,population,ridge,4,landscape,43,0.13683260054687585,0.4944663629911551,0.5109609733014151,
25,population,ridge,4,landscape,48,0.353341678465976,0.41171545153854283,0.4536845374071864,
25,population,ridge,4,landscape,49,0.34768072490605956,0.46018352972965687,0.4629330524642453,
25,population,ridge,4,landscape,56,0.007038086541534554,0.09350378601022696,0.0563546131428471,
25,population,ridge,4,landscape,61,0.25851496591665446,0.4859261217387488,0.4684392727602874,
25,population,ridge,4,landscape,72,-0.012176014357967394,-0.060975540208916545,-0.03456736119979237,
25,population,ridge,4,landscape,77,0.21881157782891383,0.41780670023554967,0.3870471317770342,
25,population,ridge,4,landscape,78,0.1737222990818409,0.3732132914235257,0.36002275043932874,
25,population,ridge,4,landscape,89,0.24625952113377006,0.4334409698932217,0.49584753012355487,
25,population,ridge,4,landscape,90,0.2591804219959198,0.5066784288159514,0.4622194581495194,
25,population,ridge,4,landscape,97,0.5551966473356679,0.6249347971020266,0.6211424067911339,
25,population,ridge,4,landscape,103,0.338947655722263,0.4718232766833676,0.48918874070749413,
25,population,ridge,4,landscape,108,0.2867127962178498,0.5295519489058219,0.468474897381161,
25,population,ridge,4,landscape,114,0.2799635951496115,0.48659307822778697,0.4388200616588006,
25,population,ridge,4,landscape,115,0.17105945397716654,0.27611313706872903,0.2509889346520879,
25,population,ridge,4,landscape,124,0.24350262547149065,0.5325689176195462,0.520833955290718,
25,population,ridge,4,landscape,134,0.2924243625242814,0.4564423012190129,0.4013733563365634,
25,population,ridge,4,landscape,135,0.4264032526441183,0.44144318613598993,0.5206040862461077,
25,population,ridge,4,landscape,142,0.28623329656178675,0.4648228057109642,0.47470258757924605,
25,population,ridge,4,landscape,143,0.4534441265033526,0.688539689143654,0.6879546837672893,
